"year","treatment","season","acac cons","alli inca","amar palm","ambr arte","ammo chen","amsi inte","amsi tess","apod undu","aris adsc","aris hamu","aris long","astr allo","astr nutt","atri acan","atri cane","atri eleg","bahi absi","bahi bite","bail mult","boer cocc","boer coul","boer inte","boer torr","both barb","bout aris","bout barb","bout dact","bout erio","bray dens","caly wrig","cass bauh","cass lept","chae stev","chen frem","chlo virg","chor tene","cirs neom","comm erec","crot cory","crot pumi","cryp cras","cryp micr","dale brac","dale nana","dale pogo","desc obtu","desc pinn","dich pulc","dith wisl","dyss pent","enne desv","ephe trif","erag arid","erag cili","erag inte","erag lehm","eria diff","erig conc","erig dive","erio aber","erio lemm","erio poly","erod cicu","erod texa","esch mexi","euph exst","euph fend","euph micr","euph serp","euph serr","euro lana","flou cern","gili sinu","guti saro","hapl grac","hapl spin","hapl tenu","hete suba","hila muti","hoff dens","ipom cost","kall cali","kall gran","kall hirs","laen coul","lapp redo","lepi lasi","lesq gord","lina bige","lina texa","lupi brev","lupi conc","lyci ande","lycu phle","mach tanr","mala fend","micr lene","mimo acul","moll cerv","moll vert","muhl port","nama hisp","oeno prim","opun poly","pani ariz","pani hirt","pani mili","pect papp","pect recu","pere nana","phac ariz","plag ariz","plan purs","poly twee","port parv","port suff","prob parv","pros glan","pseu cane","rume angu","rume hyme","sals kali","sanv aber","schi barb","seta macr","sida phys","sida proc","sida spin","sisy irio","sola elea","sola rost","sper echi","spha angu","spha coul","spha hast","spha inca","spha laxa","spor cont","step exig","tali aura","tetr coul","tide lanu","trag bert","tria port","tric cali","trid pulc","verb ence","vulp octo","xant spin","yucc elat","zinn gran","zinn pumi"
1981,"control","summer",0,0,0,0,0,0,0,0,0,0,0,0,0,0,0,0,0,0,0,0,0,0,308,0,274,0,0,0,0,0,0,0,0,52,0,0,0,0,0,6,0,0,0,0,0,0,0,0,0,0,0,0,0,0,0,0,0,0,0,766,0,0,0,0,0,0,0,2,0,8,0,0,0,0,0,0,0,0,0,0,0,0,12,0,0,0,0,0,0,0,0,0,0,0,0,0,0,0,10,0,0,0,0,0,120,0,0,668,0,0,0,0,0,0,0,0,0,0,0,0,0,0,0,0,0,0,0,0,0,0,0,0,0,0,0,0,0,0,0,0,0,50,0,18,0,0,0,0,0,0,0,0
1981,"exclosure","summer",0,0,0,0,0,0,0,0,4,0,0,0,0,0,0,0,0,0,0,0,0,0,226,0,400,0,0,0,0,0,0,0,0,16,0,0,0,0,0,4,0,0,0,0,0,0,0,0,0,0,0,0,0,0,0,0,0,0,0,446,0,0,0,0,0,0,0,16,0,4,0,0,0,0,0,0,0,0,0,0,0,0,6,0,0,0,0,0,0,0,0,0,0,0,0,0,0,0,244,2,0,0,0,0,108,0,0,292,0,0,0,0,0,0,10,0,0,0,0,0,0,0,0,0,0,0,0,0,0,0,0,0,0,0,0,0,0,0,0,0,0,72,0,4,0,0,0,0,0,0,0,0
1982,"control","summer",0,0,2,0,0,0,0,0,10,0,0,0,0,0,0,0,0,0,0,0,0,0,94,0,854,412,0,0,0,0,0,0,0,0,0,0,0,0,0,0,0,0,0,0,0,0,0,0,0,0,0,0,0,0,0,0,0,0,0,314,0,0,0,0,0,0,0,6,0,4,0,0,0,0,0,0,0,0,0,0,0,0,0,0,0,0,0,0,0,0,0,0,0,0,0,0,0,0,4,0,0,0,0,0,10,0,0,36,0,0,0,0,0,0,0,0,0,0,0,0,0,0,0,0,0,0,0,0,0,0,0,0,0,0,0,0,0,0,0,0,0,40,0,0,0,0,0,0,0,0,0,0
1982,"control","winter",0,0,0,0,0,0,0,0,0,0,0,0,16,0,0,0,0,0,12,0,0,0,0,0,0,0,0,0,0,0,0,0,0,0,0,0,0,0,0,0,46,34,0,0,0,0,708,0,0,0,0,0,0,0,0,0,1212,0,0,7712,0,0,0,0,0,0,0,0,0,0,0,0,4,0,0,0,0,0,0,0,0,0,0,0,0,0,0,2,0,0,0,0,0,0,0,394,0,0,0,0,0,0,0,0,0,0,0,0,0,0,122,0,0,0,0,0,0,0,0,0,0,0,0,0,0,0,0,0,0,0,0,16,0,0,0,0,0,0,0,0,0,0,0,0,0,0,0,0,0,0,0,0
1982,"exclosure","summer",0,0,0,0,0,0,0,0,68,0,0,0,0,0,0,0,0,0,0,0,0,0,94,0,1366,152,0,0,0,0,0,0,0,0,0,0,0,0,0,2,0,0,0,0,0,0,0,0,0,0,0,0,0,0,0,0,0,0,0,174,0,0,0,0,0,0,0,4,0,0,0,0,0,0,0,0,0,0,0,0,0,0,0,0,0,0,0,0,0,0,0,0,0,0,0,0,0,0,0,0,0,0,0,0,14,0,0,14,0,0,0,0,0,0,0,0,0,0,0,0,0,0,0,0,0,0,0,0,0,0,0,0,0,0,0,0,0,0,0,0,0,32,0,0,0,0,0,0,0,0,0,0
1982,"exclosure","winter",0,0,0,0,0,0,0,0,0,0,0,0,0,0,0,0,0,0,20,0,0,0,0,0,0,0,0,0,0,0,0,0,0,0,0,0,0,0,0,0,8,60,0,0,0,0,168,0,4,0,0,0,0,0,0,0,644,0,0,7480,0,0,12,0,0,0,0,0,0,0,0,0,108,0,4,0,0,0,0,0,0,0,0,0,0,0,96,52,0,0,0,0,0,0,0,396,0,0,0,0,0,0,0,0,0,0,0,0,0,0,164,0,0,0,0,0,0,0,0,0,0,0,0,0,0,0,0,0,0,0,0,4,0,0,0,0,0,0,0,0,0,0,0,0,0,0,0,0,0,0,0,0
1983,"control","summer",0,0,0,0,0,0,0,0,26,0,0,0,0,0,0,0,0,0,2,0,0,0,83,0,1081,0,0,0,0,0,0,0,0,30,0,0,0,0,0,0,0,0,0,0,0,0,0,0,0,0,0,0,0,0,0,0,0,0,0,707,0,0,0,0,0,0,1,0,0,0,0,0,0,0,0,0,0,0,0,0,0,0,0,0,0,0,0,0,0,0,0,0,0,0,0,0,0,0,0,0,0,0,0,0,20,0,0,18,0,0,0,0,0,0,0,0,0,0,0,0,0,0,0,0,0,0,0,0,0,0,0,0,0,0,0,0,0,0,0,23,0,47,0,0,0,0,0,0,0,0,0,0
1983,"control","winter",0,0,0,0,0,0,0,0,0,0,0,2,3,0,0,0,0,0,20,0,0,0,0,0,0,0,0,0,0,0,0,0,0,0,0,0,0,0,0,0,68,85,0,0,0,0,717,3,0,0,0,0,0,0,0,0,1840,0,0,2904,0,0,0,0,108,0,0,0,0,0,0,0,6,0,2,0,0,0,0,17,0,0,0,0,0,0,0,0,0,0,0,0,0,0,0,247,1,0,0,0,0,0,0,0,0,0,0,0,0,0,107,0,0,0,0,0,0,0,0,0,0,0,0,0,0,0,0,0,0,0,0,43,0,0,0,0,0,0,4,0,0,0,0,0,0,0,0,0,0,0,0,0
1983,"exclosure","summer",0,0,0,0,0,0,0,0,95,0,0,0,0,0,0,0,0,0,4,0,0,0,66,0,1331,0,0,0,0,0,0,0,0,43,0,0,0,0,0,0,0,0,0,0,0,0,0,0,0,0,0,0,0,0,0,0,0,0,0,644,0,0,0,0,0,0,5,0,0,0,0,0,0,0,0,0,0,0,0,0,0,0,0,0,0,0,0,0,0,0,0,0,0,0,0,0,0,0,0,17,0,0,0,0,20,0,0,12,0,0,0,0,0,0,0,0,0,0,0,0,0,0,0,0,0,0,0,0,0,0,0,0,0,0,0,0,0,0,0,53,0,29,0,0,0,0,0,0,0,0,0,0
1983,"exclosure","winter",0,0,0,0,0,0,0,0,0,0,0,1,24,0,0,0,0,0,8,0,0,0,0,0,0,0,0,0,0,0,0,0,2,0,0,0,0,0,0,0,41,160,0,0,0,0,234,40,0,0,0,0,0,0,0,0,1683,0,14,3029,0,0,13,2,0,0,0,0,0,0,0,0,80,0,14,0,0,0,0,1,0,0,0,0,0,0,44,27,0,0,0,0,0,0,0,238,27,0,0,0,0,0,0,0,0,0,0,0,0,0,64,0,0,0,0,0,0,0,0,1,0,0,0,0,0,0,0,0,0,0,0,25,0,0,0,0,0,0,0,0,0,0,0,0,0,0,0,0,0,0,0,0
1984,"control","summer",0,0,0,0,0,0,0,0,0,0,0,0,0,0,0,0,0,0,72,0,0,0,2,0,120,0,0,0,0,0,0,0,0,0,0,0,0,0,0,0,0,0,0,0,0,0,0,0,0,0,0,0,0,0,0,0,0,0,0,17,0,0,0,0,0,0,10,0,0,0,0,0,0,0,0,0,0,0,0,0,0,0,0,0,0,0,0,0,0,0,0,0,0,0,0,0,0,0,38,0,0,0,0,0,3,0,0,7,0,0,0,0,0,0,0,0,0,0,0,0,0,0,0,0,0,0,0,0,0,0,0,0,0,0,0,0,0,0,0,19,0,20,0,0,0,0,0,0,0,0,0,0
1984,"control","winter",0,0,0,0,0,0,0,0,0,0,0,11,4,0,0,0,0,0,190,0,0,0,0,0,0,0,0,0,0,0,0,0,0,0,0,0,0,0,0,0,217,257,0,0,0,0,280,2,0,0,0,0,0,0,0,0,13646,0,160,294,0,0,0,0,0,0,0,0,0,0,0,0,23,0,8,0,0,0,0,1,0,0,0,0,0,0,0,7,0,0,0,0,0,0,0,149,9,0,0,0,0,0,0,0,0,0,0,0,0,0,17,0,0,0,0,0,0,0,0,41,0,0,0,0,0,0,0,0,0,0,0,65,0,0,0,0,0,0,19,0,0,0,0,0,0,0,0,0,0,0,0,0
1984,"exclosure","summer",0,0,0,0,0,0,0,0,8,0,0,0,0,0,0,0,0,0,43,0,0,0,7,0,164,0,0,0,0,0,0,0,0,0,0,0,0,0,0,0,0,0,0,0,0,0,0,0,0,0,0,0,0,0,0,0,0,0,0,9,0,0,0,0,0,0,10,0,0,0,0,0,0,0,0,0,0,0,0,0,0,0,0,0,0,0,0,0,0,0,0,0,0,0,0,0,0,0,25,34,0,0,0,0,5,0,0,7,0,0,0,0,0,0,0,0,0,0,0,0,0,0,0,0,0,0,0,0,0,0,0,0,0,0,0,0,0,0,0,46,0,13,0,0,0,0,0,0,0,0,0,0
1984,"exclosure","winter",0,0,0,0,0,0,0,0,0,0,0,32,22,0,0,0,0,0,156,0,0,0,0,0,0,0,0,0,0,0,0,0,35,0,0,0,0,0,0,0,482,172,0,0,0,0,64,19,0,0,0,0,0,0,0,0,16318,0,202,131,0,0,458,4,0,0,0,0,0,0,0,0,224,0,262,0,0,0,0,3,0,0,0,0,0,0,22,665,0,0,0,0,0,0,0,61,94,0,0,0,0,0,0,0,0,0,0,0,0,0,16,0,875,0,0,0,0,0,0,6,0,0,0,0,0,0,0,0,0,0,0,42,0,0,0,0,0,0,3,0,0,0,0,0,0,0,0,0,0,0,0,0
1985,"control","summer",0,0,0,0,0,0,0,0,0,0,0,0,0,0,0,0,0,0,100,0,0,0,5,0,53,0,0,0,0,0,0,0,0,0,0,0,0,0,0,0,0,0,0,0,0,0,0,0,0,0,0,0,0,0,0,0,0,0,0,50,0,0,0,0,0,0,9,0,0,0,0,0,0,0,0,0,0,0,0,0,0,0,0,0,0,0,0,0,0,0,0,0,0,0,0,0,0,0,17,74,0,0,0,0,2,0,0,9,0,0,0,0,0,0,0,0,0,0,0,0,0,0,0,0,0,0,0,0,0,0,0,0,0,0,0,0,0,0,0,16,0,5,0,0,0,0,0,0,0,0,0,0
1985,"control","winter",0,0,0,0,0,0,0,0,0,0,0,5,0,0,0,0,0,0,304,0,0,0,0,0,0,0,0,0,0,0,0,0,4,0,0,0,0,0,0,0,70,68,0,0,0,0,192,2,0,0,0,0,0,0,0,0,2932,0,32,156,0,0,1,0,0,0,0,0,0,0,0,0,10,0,120,0,0,0,0,0,0,0,0,0,0,0,1,14,0,0,0,0,0,0,0,112,11,0,0,0,0,0,0,0,0,0,0,0,0,0,3,0,0,0,0,0,0,0,0,16,0,0,0,0,0,0,0,0,0,0,0,27,0,0,0,0,0,0,46,0,0,0,0,0,0,0,0,0,0,0,0,0
1985,"exclosure","summer",0,0,0,0,0,0,0,0,3,0,0,0,0,0,0,0,0,0,37,0,0,0,5,0,52,0,0,0,0,0,0,0,0,0,0,0,0,0,0,0,0,0,0,0,0,0,0,0,0,0,0,0,0,0,0,0,0,0,0,38,0,0,0,0,0,0,12,0,0,0,0,0,0,0,0,0,0,0,0,0,0,0,0,0,0,0,0,0,0,0,0,0,0,0,0,0,0,0,75,142,0,0,0,0,2,0,0,3,0,0,0,0,0,0,0,0,0,0,0,0,0,0,0,0,0,0,0,0,0,0,0,0,0,0,0,0,0,0,0,31,0,15,0,0,0,0,0,0,0,0,0,0
1985,"exclosure","winter",0,0,0,0,0,0,0,0,0,0,0,6,33,0,0,0,0,0,149,0,0,0,0,0,0,0,0,0,0,0,0,0,30,0,0,0,0,0,0,0,137,98,0,0,0,0,104,0,0,0,0,0,0,0,0,0,2159,0,38,151,0,0,144,5,0,0,0,0,0,0,0,0,29,0,1049,0,0,0,0,0,0,0,0,0,0,0,9,131,0,0,0,0,0,0,0,88,123,0,0,0,0,0,0,0,0,0,0,0,0,0,10,0,186,0,0,0,0,0,0,4,0,0,0,0,0,0,0,0,0,0,0,55,0,0,0,0,0,0,14,0,0,0,0,0,0,0,0,0,0,0,0,0
1986,"control","summer",0,0,0,0,0,0,0,0,7,0,0,0,0,0,0,0,0,0,101,0,0,0,30,0,76,0,0,0,0,0,0,0,0,0,0,0,0,0,0,0,0,0,0,0,0,0,0,0,0,0,0,0,0,0,0,0,0,0,0,19,0,0,0,0,0,0,124,0,0,0,0,0,0,0,0,0,0,0,0,0,0,0,0,0,0,0,0,0,0,0,0,0,0,0,0,0,0,0,27,603,0,0,0,0,12,0,0,20,0,0,0,0,0,0,0,0,0,0,0,0,0,0,0,0,0,0,0,0,0,0,0,0,0,0,0,0,0,0,0,21,0,19,0,0,0,0,0,0,0,0,0,0
1986,"control","winter",0,0,0,0,0,0,0,0,0,0,0,0,11,0,0,0,0,0,275,0,0,0,0,0,0,0,0,0,0,0,0,0,11,0,0,0,0,0,0,0,15,15,0,0,0,0,33,4,0,0,0,0,0,0,0,0,599,0,62,263,0,0,1,1,138,0,0,0,0,0,0,0,0,0,1703,0,0,0,0,0,0,0,0,0,0,0,2,14,0,0,0,0,0,0,0,24,6,0,0,0,0,0,0,0,0,0,0,0,0,0,4,0,6,0,0,0,0,0,0,0,0,0,0,0,0,0,0,0,0,0,0,46,0,0,0,0,0,0,15,0,0,0,0,0,0,0,0,0,0,0,0,0
1986,"exclosure","summer",0,0,0,0,0,0,0,0,104,0,0,0,0,0,0,0,0,0,45,0,0,0,97,0,109,0,0,0,0,0,0,0,0,0,0,0,0,0,0,0,0,0,0,0,0,0,0,0,0,0,0,0,0,0,0,0,0,0,0,13,0,0,0,0,0,0,104,0,0,0,0,0,0,0,0,0,0,0,0,0,0,0,0,0,0,0,0,0,0,0,0,0,0,0,0,0,0,0,11,306,0,0,0,0,20,0,0,8,0,0,0,0,0,0,0,0,0,0,0,0,0,0,0,0,0,0,0,0,0,0,0,0,0,0,0,0,0,0,0,37,0,48,0,0,0,0,0,0,0,0,0,0
1986,"exclosure","winter",0,0,0,0,0,0,0,0,0,0,0,4,46,0,0,0,0,0,160,0,0,0,0,0,0,0,0,0,0,0,0,0,41,0,0,0,0,0,0,0,5,26,0,0,0,0,14,0,0,0,0,0,0,0,0,0,306,0,67,362,0,0,235,24,0,0,0,0,0,0,0,0,2,0,2851,0,0,0,0,0,0,0,0,0,0,0,4,65,0,0,0,0,0,0,0,12,4,0,0,0,0,0,0,0,0,0,0,0,0,0,1,0,73,0,0,0,0,0,0,0,0,0,0,0,0,0,0,0,0,0,0,28,0,0,0,0,0,0,2,0,0,0,0,0,0,0,0,0,0,0,0,0
1987,"control","summer",0,0,0,0,0,0,0,0,59,0,0,0,0,0,0,0,0,0,220,0,0,0,239,0,686,0,0,0,0,0,0,0,0,0,0,0,0,0,0,0,0,0,0,0,0,0,0,0,0,0,0,0,0,0,0,0,0,0,0,64,0,0,0,0,0,0,1028,0,0,0,0,0,0,0,0,0,0,0,0,0,0,0,0,0,0,0,0,0,0,0,0,0,0,0,0,0,0,0,461,1062,0,0,0,0,41,0,0,250,0,0,0,0,0,0,0,0,0,0,0,0,0,0,0,0,0,0,0,0,0,0,0,0,0,0,0,0,0,0,0,34,0,105,0,0,0,0,0,0,0,0,0,0
1987,"control","winter",0,0,0,0,0,0,0,0,0,0,0,4,5,0,0,0,0,0,210,0,0,0,0,0,0,0,0,0,0,0,0,0,29,0,0,0,0,0,0,0,30,168,0,0,0,0,207,3,0,0,0,0,0,0,0,0,1590,0,56,925,0,0,10,1,30,0,0,0,0,0,0,0,9,0,6876,0,0,0,0,21,0,0,0,0,0,0,0,5,0,0,0,0,0,0,0,118,9,0,0,0,0,0,0,0,0,0,0,0,0,0,52,0,17,0,0,0,0,0,0,15,0,0,0,0,0,0,0,0,0,0,0,105,0,0,0,0,0,0,79,0,0,0,0,0,0,0,0,0,0,0,0,0
1987,"exclosure","summer",0,0,0,0,0,0,0,0,901,0,0,0,0,0,0,0,0,0,109,0,0,0,360,0,723,0,0,0,0,0,0,0,0,0,0,0,0,0,0,0,0,0,0,0,0,0,0,0,0,0,0,0,0,0,0,0,0,0,0,50,0,0,0,0,0,0,963,0,0,0,0,0,0,0,0,0,0,0,0,0,0,0,0,0,0,0,0,0,0,0,0,0,0,0,0,0,0,0,559,717,0,0,0,0,39,0,0,137,0,0,0,0,0,0,0,0,0,0,0,0,0,0,0,0,0,0,0,0,0,0,0,0,0,0,0,0,0,0,0,49,0,198,0,0,0,0,0,0,0,0,0,0
1987,"exclosure","winter",0,0,0,0,0,0,0,0,0,0,0,10,132,0,0,0,0,0,130,0,0,0,0,0,0,0,0,0,0,0,0,0,133,0,0,0,0,0,0,0,28,308,0,0,0,0,108,2,0,0,0,0,0,0,0,0,923,0,111,1068,0,0,821,16,0,0,0,0,0,0,0,0,41,0,5500,0,0,0,0,4,0,0,0,0,0,0,19,151,0,0,0,0,0,0,0,85,72,0,0,0,0,0,0,0,0,0,0,0,0,0,53,0,887,0,0,0,0,0,0,1,0,0,0,0,0,0,0,0,0,0,0,100,0,0,0,0,0,0,13,0,0,0,0,0,0,0,0,0,0,0,0,0
1988,"control","summer",0,0,0,0,0,0,0,0,37,0,0,0,0,1,0,0,33,0,10,0,0,0,39,0,614,0,0,0,0,0,5,0,0,0,0,0,0,0,0,0,0,0,0,0,0,0,0,0,0,0,0,1,0,0,0,0,0,0,0,63,0,0,0,0,0,0,0,0,0,0,0,0,0,37,0,0,0,0,0,6,0,0,0,0,0,0,0,0,0,0,0,0,0,0,0,0,0,0,1,1270,0,0,0,0,8,0,0,3,0,1,0,0,0,0,0,7,0,0,0,0,0,0,0,0,0,0,6,0,0,11,0,0,0,0,0,0,0,0,0,29,2,37,0,0,0,0,0,0,0,0,0,0
1988,"control","winter",0,0,0,0,0,0,0,0,0,0,0,0,14,0,0,0,36,0,11,0,0,0,0,0,0,0,0,0,0,0,4,0,43,0,0,0,0,0,0,0,2,65,0,0,0,0,19,4,0,0,0,0,0,0,0,0,768,0,13,347,0,0,10,1,144,0,0,0,0,0,0,0,11,1,3685,0,0,0,0,11,0,0,0,0,0,0,0,4,0,0,0,0,0,0,0,27,3,0,0,0,0,0,0,0,0,0,0,0,0,3,3,0,12,0,0,0,0,0,0,11,0,0,0,0,0,0,1,0,0,3,0,21,0,0,0,0,3,0,38,0,0,0,0,0,0,0,0,0,0,0,0,0
1988,"exclosure","summer",0,0,0,0,0,0,0,0,378,0,0,0,0,0,0,0,41,0,15,0,0,0,163,0,530,0,0,0,0,0,29,0,0,0,0,0,0,0,0,0,0,0,0,1,0,0,0,0,0,0,0,1,0,0,0,0,0,0,0,26,0,0,0,0,0,0,0,0,0,0,0,0,0,35,0,0,0,0,0,7,0,0,0,0,0,0,0,0,0,0,0,0,0,0,0,0,0,0,4,977,0,0,0,0,4,0,0,6,0,10,0,0,0,0,0,34,0,0,0,0,0,0,0,0,0,0,13,0,0,7,0,0,0,0,0,0,0,0,0,39,0,20,0,0,0,0,0,0,0,0,0,0
1988,"exclosure","winter",0,0,0,0,0,0,0,0,0,0,0,2,229,0,0,0,56,0,18,0,0,0,0,0,0,0,0,0,0,0,11,0,315,0,0,0,0,0,0,0,2,72,0,0,0,0,20,23,0,0,0,0,0,0,0,0,627,0,4,106,0,0,247,2,0,0,0,0,0,0,0,0,5,6,3637,0,0,0,0,4,0,0,0,0,0,0,1,27,0,0,0,0,0,0,0,12,20,0,0,0,0,0,0,0,0,0,0,0,0,6,6,0,134,0,0,0,0,0,0,4,0,0,0,0,0,0,4,0,0,4,0,29,0,0,0,0,1,0,3,0,2,0,0,0,0,0,0,0,0,0,0,0
1989,"control","summer",5,0,0,1,4,0,0,0,1124,2,1,0,0,0,0,0,60,0,38,0,0,172,0,0,10990,712,0,0,0,0,29,0,0,0,0,0,0,0,0,57,0,0,6,6,0,0,0,0,1,0,0,0,34,10,0,0,0,0,0,0,17,0,2,0,0,2,0,48,715,67,0,0,0,21,10,15,1,0,0,8,0,0,3,0,0,0,0,0,0,0,0,0,0,0,0,0,0,0,217,0,9,0,0,0,0,69,4,124,0,2,0,0,0,0,380,0,0,0,0,0,0,0,0,0,0,0,1,26,0,10,0,0,0,0,0,0,1,1,0,19,1,46,0,0,1,438,0,0,0,0,9,0
1989,"control","winter",0,0,0,0,0,0,0,0,0,0,0,4,36,0,0,0,71,0,141,0,0,0,0,0,0,0,0,0,0,0,1,0,0,0,0,0,0,0,0,0,33,129,0,0,0,0,10,1,0,0,0,0,0,0,0,0,403,0,60,277,0,0,51,0,0,0,0,0,0,0,0,0,0,31,19019,0,23,0,0,2,0,0,0,0,0,0,0,16,0,0,0,0,0,0,0,0,0,0,0,0,0,0,0,0,0,0,0,0,0,2,2,0,61,0,0,0,0,0,0,0,0,0,0,0,0,0,1,0,0,3,0,49,0,0,0,0,0,0,28,1,0,0,0,0,0,0,0,30,0,0,0,0
1989,"exclosure","summer",5,0,7,0,0,0,0,0,6567,0,0,0,0,0,0,0,58,0,13,0,0,1064,0,1,7612,68,0,1,0,0,63,0,0,0,0,0,0,5,20,68,0,0,50,27,0,0,0,0,0,0,0,1,0,0,0,56,0,0,0,0,58,0,7,0,0,2,0,20,387,23,1,0,0,15,2,0,11,0,0,5,0,0,4,0,0,0,0,0,0,0,0,0,0,0,0,0,0,0,159,0,11,0,0,0,0,44,30,46,0,10,0,0,0,0,2740,8,0,0,0,0,0,0,0,0,4,0,0,58,0,10,0,0,0,0,0,0,0,0,0,35,3,47,1,2,7,347,0,0,0,0,0,0
1989,"exclosure","winter",0,0,0,0,0,0,0,0,0,0,0,2,723,0,0,0,27,0,79,0,0,0,0,0,0,0,0,0,0,0,3,0,20,0,0,0,0,0,3,0,8,64,0,0,0,0,0,1,0,0,0,0,0,0,0,0,320,0,16,84,0,0,766,5,0,0,0,0,0,0,0,0,2,28,17620,0,8,0,0,0,0,0,0,0,0,0,3,79,0,0,0,0,0,0,0,0,1,0,0,0,0,0,0,0,0,0,0,0,0,8,2,0,174,0,0,0,0,0,0,0,0,0,0,0,0,0,3,0,0,2,0,57,0,0,0,0,1,0,0,0,0,0,0,0,0,0,0,0,0,0,0,0
1990,"control","summer",5,0,0,0,0,0,0,0,3263,2,5,0,0,0,0,0,22,0,3,1,0,323,5,0,28314,614,0,0,0,0,11,0,0,0,0,0,0,0,1,11,0,0,12,0,0,0,0,0,0,0,0,0,0,0,0,0,0,0,0,0,0,0,0,0,0,0,0,29,231,18,0,0,0,13,0,5,2,0,0,0,0,0,4,0,0,0,0,0,0,0,0,0,0,0,0,0,0,5,30,0,1,0,0,0,68,28,0,185,0,0,0,0,0,0,106,19,0,0,0,0,0,0,0,0,0,17,3,0,0,8,0,0,0,0,0,0,0,3,0,40,2,48,0,0,0,66,0,0,0,0,12,0
1990,"control","winter",2,0,0,0,0,0,0,0,0,1,2,0,4,0,0,0,2,0,25,0,0,0,0,0,0,0,0,0,0,0,22,0,0,0,0,0,0,0,0,0,0,0,0,0,0,0,0,0,0,0,0,0,0,0,0,0,0,0,1,1,0,0,2,0,0,0,0,0,0,0,0,0,0,17,6,15,4,0,0,4,0,0,0,0,0,0,0,0,0,0,0,0,0,0,0,0,0,0,0,0,7,0,0,0,0,2,0,0,0,0,0,0,0,0,0,0,0,0,0,3,0,0,0,0,0,0,9,0,0,0,0,0,0,0,0,0,1,1,0,0,0,0,0,0,0,506,0,0,0,0,5,0
1990,"exclosure","summer",3,0,5,0,0,0,0,0,11511,1,6,0,0,0,0,0,21,0,6,0,0,554,3,2,11728,204,0,0,0,0,10,0,0,0,0,0,0,3,15,45,0,0,107,0,0,0,0,0,0,0,0,0,3,0,0,17,0,0,0,1,154,0,0,0,0,0,0,14,69,6,1,0,0,13,0,0,5,0,0,0,1,0,6,0,0,0,0,0,0,0,0,0,0,0,0,0,0,2,17,0,3,0,0,0,51,42,1,66,0,8,0,0,0,5,69,21,0,0,0,0,0,0,3,0,2,48,3,0,0,12,0,0,0,0,0,0,0,1,0,34,0,18,0,2,0,43,0,0,0,0,2,0
1990,"exclosure","winter",2,0,0,0,0,0,0,0,0,0,0,6,102,0,0,0,15,0,24,0,0,0,0,0,0,0,0,0,0,0,35,0,0,0,0,0,0,0,6,0,0,0,0,0,0,0,0,0,2,0,0,1,0,0,0,1,3,0,0,4,25,0,47,8,0,0,0,0,0,0,1,0,0,13,20,0,9,0,0,0,0,0,0,0,0,0,0,2,0,0,0,0,0,0,0,0,0,0,0,0,2,0,0,0,0,2,0,0,0,1,0,0,30,0,0,0,0,0,0,3,0,0,0,0,1,0,38,0,0,4,0,0,0,0,0,0,6,0,0,0,0,0,0,0,57,353,0,0,0,0,0,0
1991,"control","summer",0,0,0,0,0,0,0,0,342,5,12,0,0,0,0,0,0,4,18,0,0,2,0,0,2946,0,0,1,0,0,5,0,0,9,0,0,0,0,0,0,0,0,0,0,0,0,0,0,0,0,0,0,0,0,0,4,0,0,4,67,0,0,0,0,0,0,0,0,2,3,0,0,0,27,4,174,2,0,0,5,0,0,0,0,0,0,0,0,0,0,0,0,0,0,1,0,0,0,0,0,0,0,0,0,2,0,0,0,0,1,0,0,0,0,4,0,0,0,0,0,0,0,0,0,0,0,2,1,0,7,0,0,0,0,0,0,0,0,0,22,0,7,0,0,0,60,0,0,0,0,15,0
1991,"control","winter",1,0,0,0,0,0,0,0,0,4,6,3,16,0,0,0,10,0,23,2,0,0,0,0,0,0,0,0,0,0,5,0,2,22,0,0,0,0,1,0,1,5,0,0,0,0,5,0,1,0,0,0,0,0,0,1,103,0,6,83,0,0,0,0,0,0,0,0,0,0,0,0,1,38,192,21,2,0,0,0,0,0,0,0,0,0,0,2,0,0,0,15,0,0,0,28,5,0,0,0,4,0,13,0,0,0,0,0,0,2,23,1,10,0,0,0,0,0,0,11,0,0,0,0,0,0,4,0,0,4,0,23,0,0,0,0,1,0,14,0,0,0,0,0,0,127,0,9,0,0,0,0
1991,"exclosure","summer",0,0,0,0,0,0,0,0,2872,6,10,0,0,0,0,0,0,9,6,0,0,7,0,0,2852,0,0,0,0,0,4,0,0,10,0,0,0,2,16,0,0,0,3,0,0,0,0,0,0,0,0,0,0,0,0,25,0,0,4,37,0,0,0,0,0,0,0,2,5,0,1,0,0,19,0,194,4,0,0,2,0,0,0,0,0,0,0,0,0,0,0,0,0,0,1,0,0,0,0,0,0,0,0,0,19,0,0,2,0,3,0,0,0,3,3,0,0,0,0,0,0,0,0,0,1,0,0,4,0,11,0,0,0,0,0,0,0,0,0,40,0,0,0,0,1,52,0,0,0,0,0,0
1991,"exclosure","winter",1,0,0,0,0,0,0,0,0,0,0,5,272,0,0,0,17,0,8,0,0,0,0,2,0,0,0,0,0,0,5,0,17,17,0,0,0,0,7,0,2,4,0,0,0,0,2,0,25,0,0,0,0,0,0,17,105,0,14,44,0,0,4,0,0,0,0,0,0,0,1,0,6,22,241,1,8,0,0,9,0,0,0,0,0,1,2,0,0,0,0,10,0,0,0,16,8,0,0,0,3,1,4,0,0,0,0,0,0,5,17,0,7,0,0,0,0,0,0,2,0,0,0,0,0,0,2,0,0,8,0,9,0,0,0,0,0,0,1,0,0,0,0,0,0,69,0,0,0,0,0,0
1992,"control","summer",0,0,0,0,0,0,0,0,0,3,11,0,0,1,0,0,0,4,5,0,0,1,2,0,1,0,0,0,0,0,3,0,0,3,0,0,0,0,0,0,0,0,0,0,0,0,0,0,0,0,0,0,0,0,0,1,0,0,0,551,0,0,0,0,0,0,0,0,0,0,0,0,0,14,1937,3,3,0,0,1,0,0,0,0,0,0,0,0,0,0,0,0,0,0,3,0,0,0,0,0,4,0,0,0,0,0,0,0,0,0,0,0,0,0,0,0,0,0,0,0,0,0,0,0,0,0,0,3,0,2,0,0,0,0,0,0,0,0,0,6,0,0,0,0,0,20,0,0,0,0,0,22
1992,"control","winter",1,0,0,0,0,0,0,0,0,2,9,11,26,0,0,0,7,0,11,2,0,0,0,0,0,0,0,1,0,8,1,0,74,15,0,0,0,0,0,0,2,64,2,0,0,0,87,0,0,0,0,0,0,0,0,5,1366,0,53,2938,0,0,0,0,0,0,0,0,0,0,0,0,17,21,8531,15,4,0,0,4,0,0,0,0,0,0,7,9,0,0,0,84,0,0,0,37,4,0,0,0,0,0,2,0,0,0,0,0,0,2,26,0,56,0,0,0,0,0,0,5,0,0,0,0,0,0,2,0,0,6,0,90,0,0,0,0,0,0,97,0,0,0,0,0,0,23,0,69,0,0,16,0
1992,"exclosure","summer",0,0,0,0,0,0,0,0,3,12,2,0,0,0,0,0,0,7,1,0,0,1,0,0,4,0,0,0,0,0,3,0,0,3,0,0,0,3,13,0,0,0,3,0,0,0,0,0,0,0,0,1,0,0,0,19,0,0,0,287,0,0,0,0,0,0,0,0,1,0,1,0,0,16,1595,0,5,0,0,2,0,0,0,0,0,0,0,0,0,0,0,0,0,0,14,0,0,0,0,0,0,0,0,0,0,0,0,0,0,4,0,0,0,5,1,0,0,0,0,0,0,0,0,0,1,0,1,1,0,7,0,0,0,0,0,0,0,2,0,78,0,0,0,0,0,23,0,0,0,0,0,0
1992,"exclosure","winter",1,0,0,0,0,0,0,0,0,0,5,0,259,0,0,0,9,0,2,0,0,0,0,0,0,0,0,0,0,2,4,0,317,7,0,0,0,0,6,0,4,14,205,0,0,0,25,0,0,0,0,1,0,0,0,19,1744,0,10,1171,0,0,36,0,0,0,0,0,0,0,0,0,85,19,8208,0,11,0,0,3,0,0,0,0,0,3,75,201,0,0,0,10,5,0,0,30,27,0,0,0,0,0,12,0,0,0,0,0,0,16,9,0,209,0,0,0,0,0,0,2,0,0,0,0,1,1,1,0,0,10,0,30,0,0,0,0,0,0,21,0,0,0,0,0,0,29,0,0,0,0,0,0
1993,"control","summer",0,0,0,0,0,0,0,0,3,4,3,0,0,0,0,0,1,1,0,0,0,0,1,0,40,0,0,0,0,0,2,0,0,0,0,0,0,0,0,30,0,0,0,0,0,0,0,3,0,0,0,0,0,0,0,2,0,0,0,27,0,0,0,0,0,0,0,22,0,7,0,0,0,16,43,11,0,0,0,3,0,0,0,0,0,0,0,0,0,0,0,0,0,0,0,0,0,0,27,0,3,0,0,0,4,0,1,4,0,0,0,0,0,0,1,0,0,0,0,0,0,0,0,0,0,0,0,4,0,9,0,0,0,0,0,0,0,5,0,15,0,1,0,1,0,11,0,0,0,1,18,0
1993,"control","winter",4,0,0,0,2,0,0,0,0,0,10,8,132,0,0,0,6,0,9,0,0,0,0,0,0,0,0,0,0,0,0,0,111,11,0,0,1,0,0,0,13,177,1,0,0,0,175,0,0,0,0,0,0,0,0,1,739,0,8,717,0,0,1,1,0,0,0,0,0,0,0,0,43,22,10208,32,9,0,0,0,0,0,0,0,0,0,43,14,0,0,0,100,0,0,0,46,6,0,0,0,1,0,0,0,0,0,0,0,0,3,15,0,254,0,0,0,0,0,0,10,0,0,0,0,0,0,0,0,0,3,0,146,0,0,0,0,0,5,71,0,0,0,0,0,1,24,0,573,0,1,0,17
1993,"exclosure","summer",0,0,0,2,0,0,0,0,7,4,1,0,0,0,0,0,0,1,0,0,0,6,3,0,52,0,0,0,0,0,11,0,0,0,0,0,0,1,14,13,0,0,156,0,0,0,0,1,0,0,0,0,0,0,0,13,0,0,0,39,0,0,0,0,0,2,0,22,2,1,0,0,0,15,38,0,1,0,0,8,0,0,1,0,0,0,0,0,0,0,0,0,0,0,0,0,0,0,42,1,5,0,0,0,9,0,0,1,0,0,0,0,0,0,2,0,1,0,0,0,0,0,0,0,0,0,2,2,0,10,0,0,0,0,0,0,0,3,0,37,0,4,0,0,0,6,0,0,0,0,0,0
1993,"exclosure","winter",1,0,0,0,1,0,0,0,0,0,5,3,924,0,0,0,1,0,2,0,0,0,0,0,0,0,0,0,0,0,4,0,494,6,0,0,1,0,12,0,2,80,0,0,0,0,153,1,0,0,0,0,0,0,0,12,1073,0,14,431,0,0,107,39,3,0,0,0,0,0,0,0,120,18,9217,1,18,0,0,0,0,0,0,0,0,2,80,325,0,0,0,28,0,0,0,20,65,0,0,0,3,0,0,0,0,0,0,0,0,0,5,0,406,0,0,0,0,0,0,3,0,0,0,0,0,0,0,0,0,11,0,93,0,0,0,0,0,4,22,0,0,0,0,0,0,21,0,71,0,0,0,0
1994,"control","summer",0,0,0,0,0,0,0,0,0,0,3,0,0,0,0,0,0,0,0,0,0,0,1,0,0,0,0,0,0,0,1,0,0,0,0,0,0,0,0,0,0,0,0,0,0,0,0,2,0,0,0,0,0,0,0,5,0,0,0,11,0,0,0,0,0,0,0,1,0,1,0,0,0,4,0,7,1,0,0,2,0,0,0,0,0,0,0,0,0,0,0,0,0,0,0,0,0,0,0,0,4,0,0,0,0,0,0,0,0,0,0,0,0,0,0,0,0,0,0,0,0,0,0,0,0,0,0,0,0,1,0,0,0,0,0,0,0,0,0,13,0,0,0,0,0,4,0,0,0,0,0,12
1994,"control","winter",2,0,0,0,0,0,0,0,0,0,7,0,9,0,0,0,2,0,0,0,0,0,0,0,0,0,0,0,0,13,3,0,241,3,0,0,0,0,0,0,6,84,0,0,0,0,56,2,1,0,0,0,0,0,0,0,179,0,0,88,0,0,6,0,0,0,0,0,0,0,0,0,2,9,175,16,2,0,0,0,0,0,0,0,0,0,0,1,0,0,0,0,0,0,0,0,4,0,0,0,5,0,0,0,0,0,0,0,0,3,2,0,44,0,0,0,0,0,0,10,0,0,0,0,0,0,0,0,0,1,0,11,0,0,0,0,0,3,39,0,0,0,0,0,0,11,0,113,0,0,0,21
1994,"exclosure","summer",1,0,0,0,0,0,0,0,4,0,2,0,0,0,0,0,0,0,0,0,0,0,4,0,34,0,0,0,0,0,1,1,0,0,0,0,0,0,14,10,0,0,2,0,0,0,0,0,0,0,0,1,0,0,0,15,0,0,0,8,0,0,0,0,0,0,0,0,0,0,0,0,0,3,4,2,1,0,0,2,0,0,0,0,0,0,0,0,0,0,0,0,0,0,0,0,0,0,0,0,3,0,0,0,15,0,0,0,0,0,0,0,0,0,0,0,0,0,0,0,0,0,0,0,0,0,0,0,0,3,0,0,0,0,0,0,0,0,0,28,0,0,0,0,0,1,0,0,0,0,0,0
1994,"exclosure","winter",1,0,0,0,0,0,0,0,0,0,5,0,138,0,0,0,1,0,1,0,0,0,0,0,0,0,0,0,0,6,7,0,315,6,0,0,0,0,14,0,1,77,0,0,0,0,26,0,0,0,0,0,0,0,0,16,237,0,0,54,0,0,340,5,1,0,0,0,0,0,0,0,1,15,231,2,3,0,0,0,0,0,0,0,0,0,33,0,0,0,0,0,0,0,0,0,25,1,0,0,5,0,0,0,0,0,0,0,0,0,0,0,92,0,0,0,0,0,0,1,0,0,0,0,0,0,1,0,0,6,0,1,0,0,0,0,0,3,21,0,0,0,0,0,0,5,0,24,0,0,0,0
1995,"control","summer",2,0,0,0,1,0,0,0,0,0,0,0,0,0,0,0,2,0,0,0,0,0,0,0,1,1,0,0,0,0,4,0,0,2,0,0,0,0,0,0,0,0,0,0,0,0,0,0,0,0,0,0,0,0,0,0,0,0,0,114,0,0,0,0,0,0,0,0,8,0,0,0,0,11,221,8,4,0,0,0,0,0,0,0,0,0,0,0,0,0,0,0,0,0,1,0,0,0,0,0,1,0,0,0,0,0,0,0,0,0,0,0,0,0,1,0,0,0,0,0,0,0,0,0,0,0,0,2,0,2,0,0,0,0,0,0,0,1,0,9,1,1,0,0,0,5,0,0,0,1,9,0
1995,"control","winter",2,0,0,0,0,0,0,0,0,0,5,2,490,0,0,0,1,0,5,0,0,0,0,0,0,0,0,0,0,51,0,0,85,31,0,0,0,0,0,0,19,230,0,0,0,0,190,2,1,0,0,0,0,0,0,0,674,0,3,269,0,0,11,0,0,0,0,0,0,0,0,0,25,55,513,11,6,0,0,1,0,0,0,0,0,0,51,31,0,0,0,80,0,0,0,1,9,0,0,0,1,0,21,0,0,0,0,0,0,3,139,27,100,0,0,0,0,0,0,13,0,0,0,0,0,0,1,0,0,0,0,337,0,0,0,0,0,0,53,0,0,0,0,0,0,2,0,362,0,0,16,0
1995,"exclosure","summer",3,0,0,0,0,0,0,0,0,2,1,0,0,0,0,0,0,0,0,0,0,15,0,0,4,0,0,0,0,0,12,0,0,5,0,0,0,0,13,0,0,0,0,0,0,0,0,0,0,0,0,1,0,0,0,1,0,0,0,30,0,0,0,0,0,0,0,2,2,1,0,0,0,1,56,1,4,0,0,16,0,0,2,0,0,0,0,0,0,0,0,0,0,0,3,0,0,0,1,0,2,0,0,0,0,3,0,0,0,0,0,0,0,0,0,0,0,0,0,0,0,0,0,0,0,0,0,3,0,6,0,0,0,0,0,0,0,0,0,33,0,0,0,0,0,3,0,0,0,0,0,0
1995,"exclosure","winter",1,0,0,1,0,0,0,0,0,0,5,4,2939,0,0,0,1,0,0,0,0,0,0,0,0,0,0,0,0,23,2,0,207,17,0,0,0,0,4,0,5,258,0,0,0,0,74,22,0,0,0,0,0,0,0,4,792,0,4,93,0,0,287,2,14,0,0,0,0,0,0,0,44,18,253,4,10,0,0,3,0,0,0,0,0,4,43,106,0,1,0,79,0,0,0,0,33,0,0,0,1,0,8,0,0,0,0,0,0,0,84,0,188,0,0,0,0,0,0,1,0,0,0,0,0,0,0,0,0,4,0,332,0,0,0,0,1,1,25,0,0,0,0,0,0,0,0,102,0,0,0,0
1996,"control","summer",2,0,0,0,1,0,0,0,0,38,1,0,0,0,0,0,0,2,0,2,2,32,1,0,156,281,0,0,0,0,2,0,0,0,0,0,0,0,0,0,0,0,1,0,1,0,0,0,0,0,0,0,0,0,0,0,0,0,0,0,0,0,0,0,0,0,0,3,77,0,0,0,0,1,0,1,2,0,0,2,0,0,0,0,0,0,0,0,0,0,0,0,0,0,1,0,0,0,0,0,6,0,0,0,1,8,0,2,0,0,0,0,0,0,0,0,0,1,0,0,0,0,0,0,0,0,0,0,0,7,0,0,0,0,0,0,0,1,0,8,0,10,0,0,0,7,0,0,0,0,9,1
1996,"control","winter",1,0,0,0,0,0,0,0,0,0,0,0,0,0,0,0,0,0,0,0,0,0,0,0,0,0,0,0,0,0,0,0,0,0,0,0,0,0,0,0,0,0,0,0,0,0,0,0,0,0,0,0,0,0,0,0,0,0,0,0,0,0,0,0,0,0,0,0,0,0,0,0,0,4,0,0,6,0,0,0,0,0,0,0,0,0,0,0,0,0,0,0,0,0,0,0,0,0,0,0,1,0,0,0,0,0,0,0,0,0,0,0,0,0,0,0,0,0,0,0,0,0,0,0,0,0,0,0,0,0,0,0,0,0,0,0,0,0,0,0,0,0,0,0,0,0,0,0,0,0,0,0
1996,"exclosure","summer",2,0,0,0,0,0,0,0,0,224,0,0,0,0,0,0,0,0,0,0,2,235,0,0,210,113,0,0,0,0,8,0,0,0,0,0,0,0,2,1,0,0,3,0,0,0,0,0,0,0,0,0,0,0,0,15,0,0,0,0,0,0,0,0,0,0,0,0,2,11,1,0,0,0,0,0,3,0,0,1,0,0,2,0,0,0,0,0,0,0,0,0,0,0,0,0,0,0,0,0,4,0,0,0,0,12,0,0,0,0,0,0,0,0,0,0,0,0,0,0,0,0,0,0,0,0,0,0,0,9,0,0,0,0,0,0,1,0,0,21,1,11,0,0,0,1,0,0,0,0,0,0
1996,"exclosure","winter",1,0,0,0,0,0,0,0,0,2,0,0,0,0,0,0,0,0,0,0,0,0,0,0,0,0,0,0,0,0,0,0,0,0,0,0,0,0,0,0,0,0,0,0,0,0,0,0,0,0,0,0,0,0,0,3,0,0,0,13,0,0,0,0,0,0,0,0,0,0,0,0,0,0,0,0,4,0,0,0,0,0,0,0,0,0,0,0,0,0,0,0,0,0,0,0,0,0,0,0,2,0,0,0,0,0,0,0,0,0,0,0,0,0,0,0,0,0,0,0,0,0,0,0,0,0,0,0,0,0,0,0,0,0,0,0,0,0,0,0,0,0,0,0,0,0,0,0,0,0,0,0
1997,"control","summer",4,0,0,0,0,0,0,0,205,0,0,0,0,0,0,0,1,0,0,3,0,35,1,0,15,4,0,0,0,0,4,0,0,0,0,0,0,0,0,28,0,0,0,0,0,0,0,0,0,0,0,0,0,0,0,0,0,0,0,241,0,0,0,0,0,0,0,3,101,9,0,0,0,3,24,3,5,0,0,5,0,0,0,0,0,0,0,0,0,0,0,0,0,0,1,0,0,0,0,0,3,0,0,0,0,16,0,5,0,0,0,0,0,0,0,0,0,0,0,0,0,0,0,0,0,0,3,0,0,3,0,0,0,0,0,0,0,1,0,17,0,43,0,0,0,8,0,0,0,0,3,0
1997,"control","winter",1,0,0,0,0,0,0,0,0,0,1,0,547,0,0,0,2,0,5,0,0,0,0,0,0,0,0,0,0,0,1,0,374,8,0,2,0,0,0,0,53,60,0,0,0,0,72,2,0,0,0,0,0,0,0,0,181,0,0,724,0,0,101,1,0,0,0,0,0,0,0,0,4,3,423,7,29,0,0,2,0,0,0,0,0,12,4,189,3,0,0,19,0,0,0,4,29,0,0,0,2,0,18,0,0,0,0,0,0,3,202,1,150,0,0,0,0,0,0,13,0,0,0,5,0,0,0,0,0,1,0,81,0,0,0,0,0,2,15,0,0,0,0,0,0,15,0,53,0,0,8,0
1997,"exclosure","summer",2,1,0,0,2,0,0,0,1053,2,0,0,0,0,0,0,0,0,0,0,0,106,4,0,27,3,0,0,0,0,5,0,0,1,0,0,0,0,2,8,0,0,1,0,0,0,0,0,0,0,0,2,0,0,0,29,0,0,0,134,0,0,0,0,0,1,0,3,43,8,0,0,0,0,43,0,4,0,1,4,0,0,1,0,0,0,0,0,0,0,0,0,0,0,4,0,0,0,108,0,3,0,0,0,0,36,0,16,0,0,0,0,0,0,0,0,0,0,0,0,0,0,0,0,0,0,7,0,0,13,0,0,0,0,0,0,1,2,0,15,0,30,0,0,0,3,0,0,0,0,0,0
1997,"exclosure","winter",3,0,0,0,0,0,0,0,0,0,2,0,1236,0,0,0,1,0,3,0,0,0,0,0,0,0,0,0,0,0,3,0,155,3,0,0,0,0,5,0,20,70,0,0,0,0,18,21,0,0,0,1,0,0,0,39,65,0,0,452,0,0,1809,2,69,0,0,0,0,0,1,0,5,1,289,17,14,0,0,1,0,0,0,0,0,29,5,351,57,0,0,19,0,0,0,2,41,0,0,0,3,0,7,0,0,0,0,0,0,0,53,0,436,0,0,0,0,0,0,2,0,0,0,0,0,0,0,0,0,2,0,50,0,0,0,0,2,2,3,0,0,0,0,0,0,1,0,19,0,0,0,0
1998,"control","summer",2,0,0,0,1,0,0,0,0,1,0,0,0,0,0,0,0,0,0,0,0,21,2,0,2,1,0,0,0,0,6,0,0,1,0,0,0,0,0,1,0,0,6,0,0,0,0,0,0,0,0,0,0,0,0,0,0,0,0,225,0,0,0,0,0,0,0,0,3,0,0,0,0,1,0,3,2,0,0,2,0,0,0,0,0,0,0,0,0,0,0,0,0,0,0,0,0,0,1,0,3,0,0,0,2,0,1,0,0,0,0,0,0,0,0,0,0,0,0,0,0,0,0,0,0,1,1,0,0,1,0,0,0,0,0,0,0,1,0,8,1,15,0,0,0,1,0,0,0,0,0,5
1998,"control","winter",1,0,0,0,0,0,0,0,0,0,1,2,52,0,0,0,1,0,1,0,0,0,0,0,0,0,0,0,0,0,0,0,255,9,0,0,0,0,0,0,5,1,0,0,0,0,25,1,0,0,0,0,0,0,0,0,14,0,0,343,0,0,288,0,0,0,0,0,0,0,0,0,0,1,2,6,5,0,0,2,0,0,0,0,0,0,0,24,1,0,0,21,0,0,0,0,12,0,0,0,3,0,1,0,0,0,0,0,0,2,1,0,37,0,0,0,0,0,0,14,0,0,0,5,0,0,0,0,0,1,0,2,0,0,0,0,0,1,0,0,0,0,0,0,0,2,0,18,0,0,7,0
1998,"exclosure","summer",3,0,0,0,0,0,0,0,12,1,2,0,0,0,0,0,0,0,0,0,0,143,11,0,16,1,0,0,0,0,6,0,0,0,0,0,0,0,5,11,0,0,39,0,0,0,0,0,0,0,0,0,0,0,0,15,0,0,0,137,0,0,0,0,0,0,0,2,4,0,0,0,0,0,3,0,1,0,0,0,1,0,0,0,0,0,0,0,0,0,0,0,0,0,0,0,0,0,1,0,3,0,0,0,1,1,0,0,0,0,0,0,0,1,0,0,0,0,0,0,0,0,0,0,0,6,0,0,0,10,0,0,0,0,0,0,2,0,0,20,1,14,0,0,0,0,0,0,0,0,0,0
1998,"exclosure","winter",2,0,0,0,0,0,0,0,0,0,0,1,205,0,0,0,1,0,0,0,0,0,0,0,0,0,0,0,0,0,0,0,146,4,0,0,0,0,1,0,0,7,0,0,0,0,3,19,0,0,0,0,0,0,0,18,22,0,0,279,0,0,2711,2,10,0,0,0,0,0,0,0,1,0,21,1,2,0,0,1,0,0,0,0,0,0,3,125,22,0,0,1,0,0,0,0,23,0,0,0,6,0,1,0,0,0,0,0,0,0,4,0,346,0,0,0,0,0,0,1,0,0,0,2,0,0,0,0,0,7,0,24,0,0,0,0,2,0,3,0,0,0,0,0,0,1,0,29,0,0,0,0
1999,"control","summer",3,1,0,0,1,0,0,0,0,5,1,0,0,0,0,0,0,0,0,0,0,5,9,0,34,208,0,0,0,0,8,0,0,0,0,0,0,0,0,7,0,0,6,0,0,0,0,0,0,0,0,0,0,0,0,86,0,0,0,0,0,0,5,0,0,0,0,1,13,5,0,0,0,0,0,3,1,0,0,0,0,0,1,0,0,0,0,0,0,0,0,0,0,0,0,0,0,0,10,0,5,0,0,0,17,7,3,2,0,3,0,0,0,0,0,0,0,0,0,0,0,0,0,0,0,0,0,0,0,1,0,0,0,0,0,0,0,1,0,9,1,11,0,1,0,3,0,0,0,0,5,0
1999,"control","winter",2,0,0,0,0,0,0,0,0,0,1,0,1,0,0,0,0,0,0,0,0,0,0,0,0,0,0,0,0,0,0,0,0,0,0,0,0,0,0,0,0,0,0,0,0,0,0,0,0,0,0,0,0,0,0,0,0,0,0,50,0,0,0,0,0,0,0,0,0,0,0,0,0,2,0,0,4,0,0,0,0,0,0,0,0,0,0,0,0,0,0,0,0,0,0,0,0,0,0,0,3,0,0,0,0,0,0,0,0,0,0,0,0,0,0,0,0,0,0,0,0,0,0,0,0,0,0,0,0,0,0,0,0,0,0,0,0,1,0,0,0,0,0,0,0,0,0,0,0,0,5,0
1999,"exclosure","summer",3,0,0,0,0,0,0,0,0,22,0,0,0,0,0,0,0,0,0,0,0,53,3,0,56,30,0,0,0,0,7,1,0,0,0,0,0,0,3,8,0,0,30,0,0,0,0,0,0,0,0,0,0,0,0,532,0,0,0,0,0,0,38,0,0,0,0,4,5,2,1,0,0,0,0,0,1,0,0,0,0,0,1,0,0,0,0,0,0,0,0,0,0,0,0,0,0,0,31,0,4,0,0,0,11,6,1,1,0,0,0,0,0,0,0,0,0,0,0,0,0,0,0,0,0,0,1,0,0,9,0,0,0,0,0,0,2,0,0,18,0,20,0,0,0,6,0,0,0,0,0,0
1999,"exclosure","winter",2,0,0,0,0,0,0,0,0,1,0,0,5,0,0,0,0,0,0,0,0,0,0,1,0,0,0,0,0,0,2,0,0,0,0,0,0,0,2,0,0,0,0,0,0,0,0,0,0,0,0,0,0,0,0,13,0,0,0,3,0,0,15,0,0,0,0,0,0,0,0,0,0,11,0,0,2,0,0,0,0,0,0,0,0,0,0,0,0,0,0,0,0,0,0,0,0,0,0,0,2,0,0,0,0,0,0,0,0,0,0,0,8,0,0,0,0,0,0,0,0,0,0,0,0,0,0,0,0,4,0,0,0,0,0,0,0,0,0,0,0,0,0,0,0,0,0,0,0,0,0,0
2000,"control","summer",3,1,1,0,1,0,0,0,60,0,0,0,0,0,0,0,0,0,0,0,0,22,0,0,222,401,0,0,0,0,0,0,0,0,0,0,0,0,0,0,0,0,1,0,0,0,0,0,0,0,0,0,0,0,0,5,0,0,0,0,0,0,0,0,0,0,0,0,1,0,0,0,0,0,0,0,0,0,0,0,0,0,1,0,0,0,0,0,0,0,0,0,0,0,0,0,0,0,0,0,3,0,0,0,11,2,0,0,0,0,0,0,0,0,0,0,0,0,0,0,0,0,0,0,0,0,0,0,0,0,0,0,0,0,0,0,0,0,0,6,0,6,0,0,0,10,0,0,0,0,0,0
2000,"control","winter",2,0,0,0,0,0,0,0,0,0,0,0,0,0,0,0,0,0,0,0,0,0,0,0,0,0,0,0,0,0,0,0,0,0,0,0,0,0,0,0,0,0,0,0,0,0,0,0,0,0,0,0,0,0,0,9,0,0,0,0,0,0,0,0,0,0,0,0,0,0,0,0,0,0,0,0,1,0,0,0,0,0,0,0,0,0,0,0,0,0,0,0,0,0,0,0,0,0,0,0,2,0,0,0,0,0,0,0,0,0,0,0,0,0,0,0,0,0,0,0,0,0,0,0,0,0,0,0,0,0,0,0,0,0,0,0,0,1,0,0,0,0,0,0,0,3,0,0,0,0,0,0
2000,"exclosure","summer",2,0,0,0,0,0,0,0,117,2,0,0,0,0,0,0,0,0,0,0,0,27,0,0,81,175,0,0,0,0,3,0,0,0,0,0,0,0,1,0,0,0,1,0,0,0,0,0,0,0,0,2,0,0,0,68,0,0,0,0,0,0,0,0,0,0,0,0,0,1,0,0,0,0,0,0,0,0,0,0,0,0,1,0,0,0,0,0,0,0,0,0,0,0,0,0,0,0,0,0,1,0,0,0,9,7,0,0,0,0,0,0,0,0,0,0,0,0,0,0,0,0,0,0,0,0,0,0,0,3,0,0,0,0,0,0,1,0,0,11,0,32,0,0,0,4,0,0,0,0,0,0
2000,"exclosure","winter",2,0,0,0,0,0,0,0,0,0,0,0,0,0,0,0,0,0,0,0,0,0,0,0,0,0,0,0,0,0,0,0,0,0,0,0,0,0,0,0,0,0,0,0,0,0,0,0,0,0,0,0,0,0,0,65,0,0,0,0,0,0,0,0,0,0,0,0,0,0,0,0,0,0,0,0,1,0,0,0,0,0,0,0,0,0,0,0,0,0,0,0,0,0,0,0,0,0,0,0,1,0,0,0,0,0,0,0,0,0,0,0,0,0,0,0,0,0,0,0,0,0,0,0,0,0,0,0,0,0,0,0,0,0,0,0,0,0,0,0,0,0,0,0,0,4,0,0,0,0,0,0
2001,"control","summer",2,0,0,0,0,0,0,0,2,0,0,0,0,0,0,0,0,0,1,0,0,8,1,0,3,8,0,0,0,0,0,0,0,0,0,0,0,0,0,1,0,0,0,0,0,0,0,0,0,0,0,0,0,0,0,1,0,0,0,110,0,0,1,0,0,0,0,0,0,7,0,0,0,34,14,6,0,0,0,3,0,0,0,0,0,0,0,0,0,0,0,0,0,0,0,0,0,0,0,0,0,0,0,0,1,3,0,2,0,2,0,0,0,0,0,0,0,0,0,0,0,0,0,0,0,0,0,0,0,3,0,0,0,0,0,0,0,0,0,5,0,23,0,0,0,0,0,0,0,1,2,0
2001,"control","winter",1,0,0,0,0,0,0,0,0,0,0,1,577,0,0,0,0,0,3,0,0,0,0,0,0,0,0,0,0,0,0,0,325,133,0,0,0,0,0,0,14,46,0,0,0,0,106,0,0,0,0,0,0,0,0,1,17,0,1,0,0,0,516,0,0,0,0,0,0,0,0,0,0,24,24,0,0,0,0,0,0,0,0,0,0,0,0,240,0,0,0,4,0,0,0,0,1,0,0,0,1,0,24,0,0,0,0,0,0,1,165,0,50,0,0,0,0,0,0,15,0,0,0,0,0,0,0,0,0,0,0,108,0,0,0,0,0,0,1,0,0,0,0,0,0,3,0,26,0,0,0,0
2001,"exclosure","summer",2,0,0,0,0,0,0,0,5,2,0,0,0,0,0,0,0,0,0,0,0,15,3,0,42,7,0,0,0,0,2,0,0,0,0,0,0,0,0,0,0,0,1,0,0,0,0,0,0,0,0,0,0,0,0,34,0,0,0,108,0,0,2,0,0,0,0,0,4,6,0,0,0,7,9,1,0,0,0,3,0,0,3,0,0,0,0,0,0,0,0,0,0,0,1,0,0,0,3,0,1,0,0,0,3,7,0,0,0,0,0,0,0,0,0,0,0,0,0,0,0,0,0,0,0,0,0,0,0,9,0,0,0,0,0,0,2,0,0,17,0,10,0,0,0,0,0,0,0,0,0,0
2001,"exclosure","winter",2,0,0,0,0,0,0,0,0,0,0,1,1139,0,0,0,0,0,0,0,0,0,0,0,0,0,0,0,0,2,0,0,63,142,0,0,0,0,0,0,13,7,0,0,0,0,34,6,0,0,0,0,0,0,0,6,97,0,0,0,0,0,1275,0,7,0,0,0,0,0,0,0,9,2,10,0,0,0,0,0,0,0,0,0,0,0,1,170,0,3,0,4,0,0,0,4,1,0,0,0,1,0,17,0,0,0,0,0,0,0,38,0,54,0,0,0,0,0,0,2,0,0,0,0,0,0,0,0,0,0,0,4,0,0,0,0,1,0,0,0,0,0,0,0,0,14,0,13,0,0,0,0
2002,"control","summer",8,1,1,0,1,0,0,0,44,0,0,0,0,0,0,0,0,0,0,0,0,67,32,0,56,638,0,0,0,0,12,0,0,0,0,0,0,0,0,40,0,0,39,0,0,0,0,1,0,0,0,0,0,0,0,261,0,0,0,2,0,0,7,0,0,2,0,6,52,9,0,0,0,11,0,2,0,0,0,8,2,0,7,0,0,0,0,0,0,0,0,0,0,0,0,0,0,0,135,5,1,0,0,0,94,37,24,4,0,2,0,0,0,0,0,0,0,0,0,0,0,0,0,0,0,0,6,0,0,3,0,0,0,0,0,0,0,0,0,33,0,150,0,0,0,8,0,0,0,0,2,0
2002,"control","winter",3,0,0,0,0,0,0,0,0,0,0,0,0,0,0,0,0,0,0,0,0,0,0,0,0,0,0,0,0,0,0,0,282,0,0,0,0,0,0,0,0,0,0,0,0,0,0,0,0,0,0,0,0,0,0,2,0,0,3,349,0,0,368,0,0,0,0,0,0,0,0,0,0,32,1,6,0,0,0,0,0,0,0,0,0,0,0,0,0,0,0,0,0,0,0,0,0,0,0,0,0,0,0,0,0,0,0,0,0,2,0,0,0,0,0,0,0,0,0,8,0,0,0,0,0,0,0,0,0,0,0,0,0,0,0,0,1,0,0,0,0,0,0,0,0,0,0,0,0,0,2,0
2002,"exclosure","summer",12,2,4,0,0,0,0,0,197,1,0,0,0,0,0,0,0,0,0,0,0,128,44,0,142,237,0,0,0,0,11,6,0,0,5,0,0,0,3,86,0,0,208,0,0,0,0,0,0,0,0,0,0,1,0,960,0,0,0,5,6,0,4,0,0,0,0,3,36,0,0,0,0,0,0,0,0,0,0,6,25,0,12,0,0,0,0,0,0,0,0,0,0,0,0,0,0,0,82,0,0,0,0,0,231,193,77,0,0,0,0,0,0,0,0,0,0,0,0,0,0,0,0,0,0,0,11,2,0,10,0,0,0,0,0,0,2,0,0,16,0,274,2,0,0,1,4,0,0,0,0,0
2002,"exclosure","winter",2,0,0,0,0,0,0,0,0,0,0,0,0,0,0,0,0,0,0,0,0,0,0,0,0,0,0,0,0,0,0,0,16,0,0,0,0,0,1,0,0,0,0,0,0,0,0,0,0,0,0,0,0,0,0,29,0,0,0,232,0,0,371,0,0,0,0,0,0,0,0,0,0,6,1,0,0,0,0,0,0,0,0,0,0,0,0,0,0,0,0,0,0,0,0,0,0,0,0,0,1,0,0,0,0,0,0,0,0,0,0,0,10,0,0,0,0,0,0,1,0,0,0,0,0,0,0,0,0,4,0,0,0,0,0,0,1,0,0,0,0,0,0,0,0,0,0,0,0,0,0,0
2003,"control","summer",1,0,0,0,0,0,0,0,0,0,0,0,0,0,0,0,0,0,0,0,0,0,0,0,0,0,0,0,0,0,0,0,0,0,0,0,0,0,0,0,0,0,0,0,0,0,0,0,0,0,0,0,0,0,0,3,0,0,0,0,0,0,0,0,0,0,0,0,0,0,0,0,0,3,0,0,0,0,0,0,0,0,0,0,0,0,0,0,0,0,0,0,0,0,0,0,0,0,0,0,2,0,0,0,0,0,0,0,0,0,0,0,0,0,0,0,0,0,0,0,0,0,0,0,0,0,0,0,0,0,0,0,0,0,0,0,0,0,0,2,0,0,0,0,0,0,0,0,0,0,0,0
2003,"control","winter",4,0,0,0,0,0,0,0,0,0,0,0,1,0,0,0,0,0,1,0,0,0,0,0,0,0,0,0,0,0,2,0,74,0,0,0,0,0,0,0,3,0,0,0,0,0,75,1,0,0,0,0,0,0,0,737,13,0,0,21,0,0,1836,0,0,0,0,0,0,0,0,0,0,14,3,4,0,0,0,5,0,0,0,0,0,0,0,88,0,0,0,0,0,0,0,0,0,0,0,0,0,0,0,0,0,0,0,0,0,1,1,0,22,0,0,0,0,0,0,1,0,0,0,0,0,0,0,0,1,1,0,1,0,0,0,0,1,0,0,0,0,0,0,0,0,11,0,13,0,0,2,0
2003,"exclosure","summer",2,0,0,0,0,0,0,0,0,0,0,0,0,0,0,0,0,0,0,0,0,0,0,0,0,0,0,0,0,0,0,0,0,0,0,0,0,0,3,0,0,0,0,0,0,0,0,0,0,0,0,0,0,0,0,17,0,0,0,0,0,0,0,0,0,0,0,0,0,0,0,0,0,0,0,0,0,0,0,0,0,0,0,0,0,0,0,0,0,0,0,0,0,0,0,0,0,0,0,0,0,0,0,0,0,0,0,0,0,0,0,0,0,0,0,0,0,0,0,0,0,0,0,0,0,0,0,0,0,3,0,0,0,0,0,0,1,0,0,1,0,0,0,0,0,0,0,0,0,0,0,0
2003,"exclosure","winter",2,0,0,0,0,0,0,0,0,6,0,0,0,0,0,0,0,0,0,0,0,0,0,0,0,0,0,0,0,0,10,0,17,0,0,0,0,0,1,0,8,1,0,0,0,0,46,0,0,0,0,0,0,0,0,1335,6,0,0,42,0,0,2812,1,0,0,0,0,0,0,0,0,0,1,7,1,0,0,0,1,0,0,0,0,0,8,0,76,0,0,0,0,0,0,0,0,0,0,0,0,0,0,0,0,0,0,0,0,0,0,0,0,89,0,0,0,0,0,0,1,0,0,0,0,0,0,0,0,0,3,0,1,0,0,0,0,1,0,0,0,0,0,0,0,0,1,0,18,0,0,0,0
2004,"control","summer",1,1,5,0,1,0,0,0,13,0,0,0,0,0,0,0,0,0,0,13,0,65,52,0,33,1047,0,0,0,0,6,2,0,0,0,0,0,0,0,33,0,0,4,0,0,0,0,0,0,0,0,0,0,0,0,30,0,0,0,29,0,0,6,0,0,1,0,31,142,11,0,0,0,3,1,1,0,0,0,14,4,0,1,0,0,0,0,0,0,0,0,0,0,0,0,0,0,0,7,349,4,0,0,0,45,61,1,93,0,1,0,0,0,0,1,0,0,1,0,0,0,0,1,0,0,0,1,0,0,3,0,0,0,0,0,0,0,1,0,14,0,214,0,2,0,0,0,0,0,0,0,0
2004,"control","winter",2,0,0,0,0,0,0,0,0,0,0,1,105,0,0,0,0,0,1,0,0,0,0,0,0,0,0,0,0,0,0,0,178,0,0,0,0,0,0,0,2,9,0,0,0,0,51,0,0,0,0,0,0,0,0,1,6,0,0,84,0,0,1091,1,1,0,0,0,0,0,0,0,0,1,1,0,0,0,0,9,0,0,0,0,0,1,4,162,1,0,0,0,0,0,0,0,0,0,0,0,0,0,11,0,0,0,0,0,0,1,4,0,14,0,0,0,0,0,0,20,0,0,0,0,0,0,0,0,0,1,0,1,0,0,0,0,0,0,0,0,0,0,0,0,0,0,0,4,0,0,0,0
2004,"exclosure","summer",1,4,25,0,0,0,0,0,100,0,0,0,0,0,0,0,0,0,0,17,0,25,47,0,62,656,0,0,0,0,1,0,0,1,9,0,0,0,2,65,0,0,17,0,0,0,0,0,0,0,0,0,0,0,0,1,0,0,0,22,0,0,37,0,0,0,0,41,207,6,0,0,0,1,0,0,0,0,0,25,10,0,13,0,0,0,0,0,0,0,0,0,0,0,0,0,0,0,1,148,2,0,0,0,77,177,7,29,0,0,0,0,0,0,10,0,0,0,0,0,0,0,5,0,0,1,4,0,0,7,0,0,0,0,0,0,0,0,0,33,0,291,1,3,0,0,0,0,0,0,0,0
2004,"exclosure","winter",2,0,0,0,0,0,0,0,0,0,0,0,41,0,0,0,0,0,0,0,0,0,0,0,0,0,0,0,0,1,0,0,35,0,0,0,0,0,0,0,3,1,0,0,0,0,17,5,0,0,0,0,0,0,0,0,4,0,0,43,0,0,2998,1,8,0,0,0,0,0,0,0,0,1,3,0,0,0,0,2,0,0,0,0,0,3,0,60,3,0,0,0,0,0,0,2,1,0,0,0,0,0,2,0,0,0,0,0,0,0,1,0,22,0,0,0,0,0,0,4,0,0,0,0,0,0,0,0,0,2,0,0,0,0,0,0,1,0,0,0,0,0,0,0,0,0,0,9,0,0,0,0
2005,"control","summer",2,1,13,0,0,0,0,0,47,0,0,0,0,0,0,0,0,0,0,0,0,122,34,0,435,764,0,0,1,0,5,0,0,0,0,0,0,0,0,4,0,0,0,0,0,0,0,1,0,0,0,1,0,0,0,0,0,0,0,60,0,0,0,0,0,0,0,0,46,1,0,0,0,1,0,1,0,0,0,19,0,0,2,0,0,0,0,0,0,0,0,0,0,0,0,0,0,0,0,0,2,0,0,0,0,94,0,48,0,0,0,0,0,0,0,0,0,0,0,0,0,0,0,0,0,0,0,0,0,2,0,0,0,0,0,0,0,0,0,8,0,110,0,0,0,0,0,0,0,0,0,0
2005,"control","winter",1,0,0,0,0,0,2,0,0,0,0,0,335,0,0,0,2,0,0,0,0,0,0,0,0,0,0,0,0,1,0,0,1293,0,0,0,0,0,0,0,3,24,0,0,0,0,86,3,0,0,0,0,0,0,0,1,27,0,1,974,0,0,1499,0,0,0,0,0,0,0,0,3,0,1,16,0,0,0,0,3,0,0,0,0,0,0,8,342,12,0,0,3,0,0,0,0,2,0,0,0,0,0,6,0,0,7,0,0,0,2,5,0,13,0,0,0,0,0,0,11,0,0,0,0,0,0,0,0,0,0,0,10,0,0,0,0,0,0,3,0,0,0,0,0,0,0,0,28,0,0,0,0
2005,"exclosure","summer",2,6,10,0,0,0,0,0,324,0,0,0,0,0,0,0,0,0,0,0,0,83,161,0,539,1052,0,0,0,0,0,0,0,0,0,0,0,0,1,7,0,0,3,0,0,0,0,1,0,0,0,0,0,0,0,1,0,0,0,88,0,0,0,0,0,0,0,2,34,1,0,1,0,0,2,0,0,0,0,4,10,0,6,0,0,0,0,0,0,0,0,0,0,0,0,0,0,0,0,0,2,0,0,0,25,215,0,19,0,0,0,0,0,0,1,0,0,0,0,0,0,0,0,0,0,0,1,0,0,7,3,0,0,0,0,0,0,0,0,44,0,216,0,4,0,1,0,0,0,0,0,0
2005,"exclosure","winter",2,0,0,0,0,0,0,0,0,0,0,0,593,0,0,0,1,0,0,0,0,0,0,0,0,0,0,0,0,0,1,0,297,0,0,0,0,0,0,0,26,0,0,0,0,0,87,1,0,0,0,2,0,0,0,0,13,0,0,750,0,0,1908,0,7,0,0,0,0,0,7,0,2,2,39,0,8,0,0,0,0,0,0,0,0,0,6,168,119,0,0,2,0,0,0,0,5,0,0,0,0,0,4,0,0,1,0,0,0,0,8,0,134,0,0,0,0,0,0,2,0,0,0,0,0,0,0,0,0,3,0,0,0,0,0,0,0,0,0,0,0,0,0,0,0,0,0,14,0,1,0,0
2006,"control","summer",5,1,9,0,1,0,0,0,103,0,0,0,64,0,0,0,0,0,0,0,0,121,87,0,108,318,0,0,0,0,2,1,0,0,1,0,0,0,0,20,0,0,7,0,0,0,0,1,0,0,0,1,2,6,0,0,0,0,0,0,1,0,617,0,0,0,0,38,209,26,0,0,0,0,0,1,0,0,0,13,0,0,4,0,0,0,0,0,0,0,0,0,0,0,0,0,0,0,23,55,3,0,0,0,101,51,1,98,0,2,0,0,0,0,0,0,0,1,0,0,0,0,1,0,1,0,1,0,0,8,0,0,0,0,0,0,0,0,0,12,0,137,0,7,0,0,0,0,0,0,4,0
2006,"control","winter",0,0,0,0,0,0,0,0,0,0,0,0,0,0,0,0,0,0,0,0,0,0,0,0,0,0,0,0,0,0,2,0,0,0,0,0,0,0,0,0,0,0,0,0,0,0,0,0,0,0,0,0,0,0,0,2,0,0,0,0,0,0,0,0,0,0,0,0,0,0,0,0,0,0,0,0,0,0,0,0,0,0,0,0,0,0,0,0,0,0,0,0,0,0,0,0,0,0,0,0,0,0,0,0,0,0,0,0,0,0,0,0,0,0,0,0,0,0,0,0,0,0,0,0,0,0,0,0,0,0,0,0,0,0,0,0,0,0,0,0,0,0,0,0,0,0,0,0,0,0,0,0
2006,"exclosure","summer",3,8,14,0,0,0,0,0,276,0,0,0,180,0,0,0,0,0,0,0,0,129,31,0,251,414,0,0,0,0,1,1,0,0,1,0,0,1,6,26,0,0,18,0,0,0,0,0,0,0,0,1,9,0,0,0,0,0,0,24,5,0,1624,0,0,0,0,16,69,63,1,2,0,0,0,0,0,0,0,4,4,0,29,0,0,0,0,0,0,0,0,0,0,0,0,0,0,0,14,15,2,0,0,0,67,107,2,30,0,0,0,0,0,0,5,0,0,1,0,0,0,0,5,0,0,1,0,1,0,8,0,0,0,0,0,0,1,0,0,34,0,235,1,8,0,0,0,0,0,0,0,0
2006,"exclosure","winter",6,0,0,0,0,0,0,0,0,0,0,0,0,0,0,0,0,0,0,0,0,0,0,0,0,0,0,0,0,0,0,0,0,0,0,0,0,0,0,0,0,0,0,0,0,0,0,0,0,0,0,0,0,0,0,2,0,0,0,0,0,0,0,0,0,0,0,0,0,0,0,0,0,0,0,0,0,0,0,0,0,0,0,0,0,0,0,0,0,0,0,0,0,0,0,0,0,0,0,0,0,0,0,0,0,0,0,0,0,0,0,0,0,0,0,0,0,0,0,0,0,0,0,0,0,0,0,0,0,0,0,0,0,0,0,0,0,0,0,0,0,0,0,0,0,0,0,0,0,0,0,0
2007,"control","summer",8,1,35,11,0,0,0,0,319,0,4,0,0,0,0,0,0,0,0,2,0,184,95,0,863,319,0,0,0,0,0,0,0,0,2,0,0,0,1,26,0,0,6,0,0,0,0,1,0,0,0,0,0,40,0,76,0,0,0,0,27,0,0,0,0,0,0,1,12,1,0,0,0,14,2,0,0,0,0,6,2,0,0,0,0,0,0,0,0,0,0,0,0,0,0,0,0,2,0,0,1,0,0,0,0,32,0,27,0,1,0,0,0,0,1,0,0,0,0,0,0,0,0,0,0,0,1,0,0,8,0,0,0,0,0,0,0,2,0,5,0,38,0,0,0,6,0,0,0,0,2,0
2007,"control","winter",3,0,0,0,0,0,0,0,0,0,0,0,188,0,0,0,0,0,1,0,0,0,0,0,0,0,0,0,0,0,1,0,3,0,0,0,0,0,0,0,2,0,1,0,0,0,2,2,0,0,0,0,0,0,0,9,4,0,0,0,0,0,1030,0,1,0,0,0,0,0,0,0,0,14,1,1,0,0,0,11,0,0,0,0,0,0,1,47,0,0,0,3,0,0,0,0,0,0,0,0,0,0,1,0,0,0,0,0,0,1,0,0,4,0,0,0,0,0,0,11,0,0,0,0,0,0,1,0,0,7,0,8,0,0,0,0,0,0,0,0,0,0,0,0,0,51,0,0,0,0,1,0
2007,"exclosure","summer",4,11,8,1,0,0,0,0,773,0,58,0,0,0,0,0,0,0,0,0,0,271,84,0,1344,300,0,0,0,0,0,0,0,3,0,0,0,0,8,5,0,0,2,0,0,0,0,0,0,0,0,0,0,0,0,76,0,0,0,0,4,0,0,0,0,0,0,2,10,0,0,1,0,13,4,0,0,0,0,3,0,0,1,0,0,0,0,0,0,0,0,0,0,0,0,0,0,0,0,0,0,0,0,0,0,34,0,10,0,0,0,0,0,0,0,1,0,0,0,0,0,0,0,0,0,0,1,1,0,5,1,0,0,0,0,0,0,0,0,32,0,79,0,0,0,2,0,0,0,0,0,0
2007,"exclosure","winter",3,4,0,0,0,0,0,0,0,0,0,0,462,0,0,0,0,0,1,0,0,0,0,0,0,0,0,0,0,0,0,0,0,0,0,0,0,0,6,0,4,0,1,0,0,0,3,0,0,0,0,0,0,0,0,26,0,0,0,0,0,0,1785,0,0,0,0,0,0,0,0,0,0,17,2,2,7,0,0,1,0,0,0,0,0,1,0,33,0,0,0,0,0,0,0,0,0,0,0,0,1,0,0,0,0,0,0,0,0,1,0,0,23,0,0,0,0,0,0,5,0,0,0,0,0,0,1,0,0,5,0,0,0,0,0,0,1,0,0,0,0,0,0,0,0,21,0,0,0,0,0,0
2008,"control","summer",9,3,420,0,0,0,0,0,1329,0,0,0,0,0,0,0,0,0,0,0,0,3,1,0,1784,174,0,0,0,0,0,27,0,0,0,0,0,0,0,237,0,0,14,0,0,0,0,0,0,0,0,0,146,7,0,111,0,0,0,0,0,0,0,0,0,0,0,0,0,2,0,0,0,10,0,2,0,0,0,0,2,0,0,0,0,0,0,0,0,0,0,0,0,0,0,0,0,0,0,0,1,0,0,0,363,146,20,0,0,0,0,0,0,0,0,0,0,0,0,0,0,0,0,0,0,0,1,1,0,3,0,0,0,0,0,0,0,0,0,0,0,97,0,0,0,6,0,0,0,0,0,0
2008,"control","winter",4,0,0,0,0,0,0,0,0,0,0,0,98,0,0,0,0,0,0,0,0,0,0,0,0,0,0,0,0,0,0,0,22,0,0,0,0,0,1,0,0,2,0,0,0,0,28,0,0,0,0,0,0,0,0,98,6,0,0,3,0,0,1007,0,0,0,0,0,0,0,0,0,1,16,17,4,6,0,0,6,0,0,0,0,0,0,2,26,0,0,0,0,0,0,0,0,0,0,0,0,1,0,0,0,0,0,0,0,0,1,0,0,35,0,0,0,0,0,0,8,0,0,0,0,0,0,0,0,0,0,0,0,0,0,0,0,0,0,0,0,0,0,0,0,0,6,0,0,0,0,0,0
2008,"exclosure","summer",10,0,62,0,0,0,0,0,3630,0,0,0,0,0,0,0,0,0,0,0,0,16,2,0,2091,130,0,0,0,0,0,1,0,0,17,0,0,0,4,55,0,0,30,0,0,0,0,0,0,0,0,1,81,0,0,197,0,0,0,0,0,0,0,0,0,0,0,0,3,0,0,1,0,5,0,0,0,0,0,0,1,0,7,0,0,0,0,0,0,0,0,0,0,0,0,0,0,0,0,1,1,0,0,0,284,256,1,1,0,1,0,0,0,0,2,1,0,0,0,0,0,0,0,0,0,0,0,1,0,7,0,0,0,0,0,0,0,0,0,3,0,99,0,0,0,2,0,0,0,0,0,0
2008,"exclosure","winter",3,1,0,0,0,0,0,0,0,0,0,0,251,0,0,0,0,0,0,0,0,0,0,0,0,0,0,0,0,0,0,0,17,4,0,0,0,0,4,0,0,0,0,0,0,0,60,0,0,0,0,0,0,0,0,131,2,0,3,11,0,0,1410,0,0,0,0,0,0,0,0,1,4,17,14,1,3,0,0,0,0,0,0,0,0,0,0,31,0,0,0,0,0,0,0,0,0,1,0,0,1,0,0,0,0,0,0,0,0,0,0,0,74,0,0,0,0,0,0,4,0,0,0,0,0,0,1,0,0,6,0,0,0,0,0,0,0,0,0,0,0,0,0,0,0,2,0,0,0,0,0,0
2009,"control","summer",2,2,0,0,0,0,0,0,0,0,0,0,0,0,0,0,0,0,0,0,0,0,0,0,0,0,0,0,0,0,0,0,0,0,0,0,0,0,0,0,0,0,0,0,0,0,0,0,0,0,0,0,0,0,0,26,0,0,0,0,0,0,0,0,0,0,0,0,0,0,0,0,0,3,0,0,6,0,0,0,0,0,0,0,0,0,0,0,0,0,0,0,0,0,0,0,0,0,0,0,0,0,0,0,0,0,0,0,0,0,0,0,0,0,0,0,0,0,0,0,0,0,0,0,0,0,0,0,0,0,0,0,0,0,0,0,0,0,0,0,0,0,0,0,0,2,0,0,0,0,0,0
2009,"control","winter",4,0,0,0,0,0,0,0,0,0,0,0,0,0,0,0,0,0,0,0,0,0,0,0,0,0,0,0,0,0,0,0,0,0,0,0,0,0,0,0,0,0,0,0,0,0,0,0,0,0,0,0,0,0,0,46,0,0,0,0,0,0,0,0,0,0,0,0,0,0,0,0,0,10,0,0,0,0,0,0,0,0,0,0,0,0,0,1,0,0,0,0,0,0,0,0,0,0,0,0,1,0,0,0,0,0,0,0,0,0,0,0,0,0,0,0,0,0,0,0,0,0,0,0,0,0,0,0,0,1,0,0,0,0,0,0,0,0,0,0,0,0,0,0,0,2,0,0,0,0,0,0
2009,"exclosure","summer",4,2,0,0,0,0,0,0,2,0,0,0,0,0,0,0,0,0,0,0,0,0,0,0,0,0,0,0,0,0,0,0,0,0,0,0,0,0,3,0,0,0,0,0,0,0,0,0,0,0,0,0,0,0,0,16,0,0,0,0,0,0,0,0,0,0,0,0,0,0,0,0,0,5,0,0,0,0,0,0,0,0,0,0,0,0,0,0,0,0,0,0,0,0,0,0,0,0,0,0,1,0,0,0,0,1,0,0,0,0,0,0,0,4,0,0,0,0,0,0,0,0,0,0,0,0,0,0,0,4,0,0,0,0,0,0,0,0,0,17,0,0,0,0,0,6,0,0,0,0,0,0
2009,"exclosure","winter",3,0,0,0,0,0,0,0,0,0,0,0,14,0,0,0,0,0,0,0,0,0,0,0,0,0,0,0,0,0,0,0,0,0,0,0,0,0,2,0,0,0,0,0,0,0,0,0,0,0,0,1,0,0,0,20,0,0,0,0,0,0,24,1,0,0,0,0,0,0,33,1,0,10,0,1,0,0,0,0,0,0,0,0,0,0,0,5,0,0,0,0,0,0,0,0,0,0,0,0,2,0,0,0,0,0,0,0,0,0,0,0,5,0,0,0,0,0,0,0,0,0,0,0,0,0,0,0,0,3,0,0,0,0,0,0,0,0,0,0,0,0,0,0,0,9,0,0,0,0,0,0
2011,"control","summer",4,0,2,0,0,0,0,0,13,0,0,0,0,0,0,0,0,0,0,0,0,23,54,0,20,175,0,0,0,0,0,0,0,0,0,0,0,0,0,0,0,0,21,0,0,0,0,0,0,0,0,0,0,0,4,0,0,0,0,0,7,0,0,0,0,1,0,1,0,0,0,0,0,2,0,0,0,0,0,0,0,0,0,17,0,0,0,0,0,0,0,0,0,0,0,0,0,0,0,0,0,0,0,0,67,163,1,0,0,0,0,0,0,0,0,0,0,0,0,0,0,0,0,0,0,0,1,0,0,6,0,0,0,0,0,0,0,0,0,5,0,35,0,23,0,0,0,0,0,0,0,0
2011,"control","winter",3,0,0,0,0,0,0,0,0,0,0,0,0,0,0,0,0,0,0,4,0,0,0,0,0,0,0,1,0,0,0,0,0,0,0,0,0,0,0,0,0,0,0,0,1,0,0,0,0,0,0,0,0,0,0,9,0,0,0,0,0,0,0,0,0,0,0,0,0,0,0,2,0,5,0,0,0,0,0,0,0,0,0,0,0,0,0,0,0,0,0,0,0,0,0,0,0,0,0,0,0,0,0,0,0,0,0,0,0,0,0,0,0,0,0,0,0,0,0,0,0,0,0,0,0,0,0,0,0,0,0,0,0,0,0,0,0,0,0,0,0,0,0,0,0,1,0,0,0,0,0,0
2011,"exclosure","summer",5,4,2,0,0,0,0,0,16,0,0,0,0,0,0,0,0,0,0,0,0,28,19,0,9,257,0,0,0,0,0,2,0,0,0,0,0,0,2,3,0,0,24,0,0,0,0,0,0,0,0,1,1,1,0,0,0,0,0,0,0,4,0,0,0,0,0,0,0,0,0,0,0,2,0,0,0,0,0,0,2,0,16,15,0,0,0,0,0,0,0,0,0,0,0,0,0,0,1,0,1,0,0,0,110,47,0,0,0,1,0,0,0,0,0,0,0,0,0,0,0,1,0,0,0,0,0,0,0,10,0,0,0,0,0,0,0,0,0,47,0,28,1,10,0,2,0,0,0,0,0,0
2011,"exclosure","winter",3,0,0,0,1,0,0,0,0,0,0,0,0,0,0,0,1,0,0,4,0,0,0,0,0,0,0,0,0,0,0,0,0,0,0,0,0,0,0,0,0,0,0,5,1,0,0,0,0,0,0,0,0,0,0,7,0,0,0,0,0,0,0,0,0,0,0,0,0,0,0,0,0,5,0,0,0,0,0,0,0,0,0,0,0,0,0,0,0,0,0,0,0,0,0,0,0,0,0,0,0,0,0,0,0,0,0,0,0,1,0,0,0,0,0,0,0,0,0,0,0,0,0,0,0,0,0,0,0,3,0,0,0,0,0,0,0,0,0,0,0,0,0,0,0,4,0,0,0,0,0,0
2012,"control","winter",3,1,0,2,2,0,0,0,0,0,0,0,1135,14,0,0,0,0,0,0,0,0,0,0,0,0,1,0,0,0,0,0,124,0,0,0,0,0,0,0,2,1,0,0,0,6,27,2,0,0,0,0,0,0,0,2,3,0,0,0,0,0,310,0,1,0,0,0,0,0,0,0,0,2,0,0,13,0,0,1,0,0,0,0,0,51,6,174,3,0,0,5,0,0,0,0,1,0,0,0,0,0,6,0,0,0,0,0,3,0,87,1,7,0,0,0,0,0,0,0,26,0,0,0,0,0,0,0,0,3,0,5,0,0,0,0,0,0,0,0,0,0,0,0,0,0,0,0,0,0,0,0
2012,"exclosure","winter",2,6,0,0,0,0,0,0,0,0,0,0,1335,4,0,0,0,0,0,0,0,0,0,0,0,0,0,1,0,0,0,0,63,0,0,0,0,0,0,0,0,0,0,0,0,3,62,39,0,0,0,1,0,0,0,0,1,0,0,0,0,0,504,0,21,0,0,0,0,0,0,0,0,3,0,0,0,0,0,2,0,0,0,0,0,5,8,102,21,0,0,2,0,0,0,0,0,0,0,0,2,0,6,0,0,0,0,0,0,2,75,0,85,0,0,0,0,0,0,0,1,0,0,0,0,0,0,0,0,4,0,2,0,1,0,0,0,0,0,0,0,0,0,0,0,0,0,0,0,0,0,0
2013,"control","winter",3,0,0,0,0,0,0,0,0,0,0,0,7,0,0,0,0,0,0,0,0,0,0,0,0,0,0,0,0,0,0,0,9,0,0,0,0,0,0,0,0,2,0,0,0,0,0,0,0,0,0,0,0,0,0,0,0,0,0,0,0,0,1,0,0,0,0,0,0,0,0,0,0,1,0,0,2,0,0,0,0,0,0,0,0,0,0,62,0,0,0,0,0,0,0,0,0,0,0,0,0,0,0,0,0,1,0,0,0,0,0,0,0,0,0,0,0,0,0,0,10,0,0,0,0,0,0,0,0,0,0,0,0,0,0,1,0,0,0,0,0,0,0,0,0,0,0,0,0,0,0,0
2013,"exclosure","winter",3,1,0,0,0,0,0,0,0,0,0,0,25,0,0,0,0,0,0,0,0,0,0,0,0,0,0,0,0,0,0,0,48,0,0,0,0,0,0,0,0,0,0,9,0,0,1,40,0,0,0,0,0,0,0,1,0,0,0,0,0,0,73,0,0,0,0,0,0,0,0,0,0,3,0,0,0,0,0,0,0,0,0,0,0,0,0,32,0,0,0,0,0,0,0,0,0,0,0,0,2,0,0,0,0,0,0,0,0,0,0,0,0,0,0,0,0,0,0,0,1,0,0,0,0,0,0,0,0,2,0,0,0,0,0,0,0,0,0,0,0,0,0,0,0,0,0,0,0,0,0,0
2014,"control","summer",79,1,557,0,0,0,0,0,1504,0,3,0,0,5,0,0,0,0,0,0,0,24,18,0,2708,207,0,0,0,0,2,5,0,0,1,0,0,0,0,6,0,0,2,1,0,0,0,2,0,0,0,0,0,8,0,4,0,0,0,2,144,0,0,0,0,0,0,5,32,3,0,0,0,0,0,1,0,0,0,0,0,1,1,0,0,0,0,0,0,0,0,0,0,0,0,0,0,0,17,0,3,0,0,0,48,100,3,4,0,1,0,0,0,0,0,0,0,0,0,0,0,0,0,0,0,0,0,0,0,5,0,0,0,0,0,0,0,0,0,9,0,93,0,16,0,1,0,0,0,0,0,0
2014,"control","winter",4,6,0,0,1,0,0,0,0,0,0,0,221,27,0,0,0,0,0,0,0,0,0,0,0,0,0,0,0,0,1,0,247,0,0,0,0,0,0,0,0,0,0,0,0,0,27,2,0,0,0,0,0,0,0,5,2,0,0,0,0,0,49,0,1,0,0,0,0,0,0,0,0,1,0,1,0,0,0,3,0,0,0,0,0,0,15,129,4,0,0,3,0,0,0,2,0,0,0,0,3,0,2,0,0,0,0,0,2,1,117,0,2,0,0,0,0,0,0,0,17,0,0,0,0,0,0,1,0,4,0,0,0,0,0,0,0,0,0,0,0,0,0,0,0,0,0,0,0,0,0,0
2014,"exclosure","summer",6,8,205,0,0,0,0,0,2665,0,0,0,0,9,0,0,0,0,0,0,0,46,33,0,1978,139,0,0,0,0,0,4,0,0,15,0,0,0,0,8,0,0,3,0,0,0,0,1,0,0,0,0,20,0,0,1,0,0,0,5,15,0,0,0,0,0,0,3,11,1,0,0,0,2,0,0,0,0,0,2,8,6,0,3,0,0,0,0,0,0,0,0,0,0,0,0,0,1,8,0,1,0,0,0,53,74,0,1,0,4,0,0,0,0,0,0,0,0,0,0,0,0,0,0,0,0,0,0,0,4,0,0,0,0,0,0,0,0,0,50,0,54,0,3,0,0,0,0,0,0,0,0
2014,"exclosure","winter",3,15,0,0,0,0,0,0,0,0,0,0,157,42,0,0,0,0,0,0,0,0,0,0,0,0,0,0,0,0,0,0,68,0,0,0,0,0,0,0,0,0,0,0,0,0,109,24,0,0,0,0,0,0,0,1,3,0,0,0,0,0,153,0,17,0,0,0,0,0,0,0,0,5,0,0,0,0,0,3,0,0,0,0,0,0,4,136,31,0,0,0,0,0,0,1,0,0,0,0,2,0,1,0,0,0,0,0,1,4,23,0,7,0,0,0,0,0,0,0,2,0,0,0,0,0,0,0,0,4,0,1,0,0,0,0,0,0,0,0,0,0,0,0,0,0,0,0,0,0,0,0
2015,"control","summer",41,0,1039,0,0,0,0,0,1773,0,0,0,0,0,0,0,0,0,1,0,0,43,22,0,8615,29,0,0,0,0,0,0,0,0,14,0,0,0,0,0,0,0,0,0,1,0,0,0,0,0,0,1,0,0,0,9,0,0,0,17,43,0,0,0,0,0,0,1,2,1,0,0,0,1,0,4,3,0,1,5,1,0,0,0,0,0,0,0,0,0,0,0,0,0,0,0,0,0,0,0,2,0,0,0,2,7,0,0,0,1,0,0,0,0,0,0,0,0,0,0,0,0,0,0,0,0,1,0,0,9,0,0,0,0,0,0,0,0,0,5,0,23,0,0,0,1,0,0,0,0,0,0
2015,"control","winter",34,50,0,0,0,0,2,0,0,0,0,0,168,0,0,0,0,0,2,0,0,0,0,0,0,0,2,0,0,0,1,0,124,0,0,0,0,0,0,1,0,0,0,0,0,5,35,2,0,0,0,1,0,0,0,11,6,0,0,9,0,0,19,0,0,0,0,0,0,0,0,0,0,4,0,0,10,0,0,5,0,0,0,0,1,0,25,132,2,0,0,3,0,0,0,0,0,0,0,0,3,0,6,0,0,0,0,0,2,1,29,0,6,0,0,0,0,0,0,0,24,0,0,0,0,0,0,0,0,5,0,0,0,0,0,0,0,0,0,0,0,0,0,0,0,0,0,0,0,0,0,0
2015,"exclosure","summer",10,4,818,0,0,0,0,0,2957,0,0,0,0,0,0,0,0,0,0,0,0,5,12,0,9164,43,0,0,0,0,0,0,0,0,5,0,0,0,0,0,0,0,2,0,1,0,0,0,0,0,0,0,0,0,0,4,0,0,0,25,19,0,0,0,0,0,0,0,11,1,0,0,0,7,0,0,0,1,0,4,0,0,0,0,0,0,0,0,0,0,0,0,0,0,0,0,0,1,0,0,5,0,0,0,6,28,0,0,0,0,0,0,0,0,0,1,0,0,0,0,0,0,0,0,4,0,0,0,0,5,0,0,7,2,0,0,0,0,0,41,0,12,0,0,0,2,0,0,0,0,0,0
2015,"exclosure","winter",6,70,0,0,2,0,0,0,1,0,0,0,189,0,0,0,0,0,1,0,0,0,0,0,0,0,0,0,0,0,0,0,33,0,0,0,0,0,0,0,1,0,0,0,0,7,38,43,0,0,0,0,0,0,0,3,6,0,0,46,0,0,94,0,14,0,0,0,0,0,2,0,0,8,0,0,0,1,0,4,0,0,0,0,6,0,13,200,2,0,0,1,0,0,0,0,0,0,0,0,1,0,12,0,0,0,0,0,0,4,4,0,21,0,0,0,0,0,0,0,8,0,0,0,0,0,0,0,0,3,0,2,0,0,0,0,4,0,0,0,0,0,0,0,0,3,0,0,0,0,0,0
2016,"control","summer",21,1,43,0,0,0,0,0,177,0,0,0,0,0,0,0,0,0,0,0,0,10,12,0,701,2,0,0,0,0,0,0,0,1,0,0,0,0,0,0,0,0,0,0,0,0,0,1,0,0,1,0,0,0,0,8,0,0,0,0,0,0,0,0,0,0,0,0,3,0,0,0,0,2,0,0,0,0,0,3,0,0,1,0,0,0,0,0,0,0,0,0,0,0,0,0,0,0,0,0,0,0,0,0,11,3,0,1,0,0,0,0,0,0,0,0,0,0,0,0,0,0,0,0,0,0,0,0,0,12,0,0,0,0,0,0,0,0,0,8,0,16,0,0,0,0,0,0,3,0,0,0
2016,"control","winter",22,0,0,0,0,0,0,0,0,0,0,0,2,0,0,0,0,0,2,0,0,0,0,0,0,0,0,0,0,0,0,0,1,7,0,0,0,0,0,0,0,1,0,0,0,0,8,0,0,0,0,1,0,1,0,11,3,0,0,6,0,0,0,0,0,0,0,0,0,0,0,0,0,2,0,0,0,0,0,4,0,0,0,0,0,0,11,37,0,0,0,1,0,0,0,0,0,0,0,0,1,0,0,0,0,0,0,0,0,1,0,0,1,0,0,0,0,0,0,0,17,0,0,0,0,0,0,0,0,4,0,2,0,0,0,0,0,0,0,0,0,0,0,0,0,2,0,0,3,1,0,0
2016,"exclosure","summer",6,2,61,0,0,0,0,0,445,0,0,0,0,0,0,0,0,0,0,0,0,18,7,0,1357,9,0,0,0,0,0,0,0,9,0,0,0,0,1,1,0,0,1,0,0,0,0,0,0,0,0,0,0,0,0,0,0,0,0,4,5,0,0,0,0,0,0,0,8,0,0,1,0,5,0,0,0,0,0,4,1,0,4,0,0,0,0,0,0,0,0,0,0,0,0,0,0,0,0,0,3,0,0,0,9,5,0,0,0,0,0,0,0,0,6,3,0,0,0,0,0,0,0,0,0,0,0,2,0,6,0,0,0,3,0,0,0,0,0,32,0,7,0,0,0,2,0,0,0,0,0,0
2016,"exclosure","winter",6,0,0,0,0,0,0,0,0,0,0,0,1,0,0,0,0,0,0,0,0,0,0,0,0,0,0,0,0,0,0,0,8,35,0,0,0,0,0,0,0,0,0,0,0,0,4,1,0,0,0,0,0,0,0,0,0,0,0,18,0,0,8,0,0,0,0,0,0,0,0,0,0,6,0,0,0,0,0,1,0,0,0,0,0,0,1,311,0,0,0,0,0,0,0,0,0,0,0,0,1,0,1,0,0,0,0,0,0,4,0,0,14,0,0,0,0,1,0,0,2,0,0,0,0,0,0,0,0,2,0,0,0,0,0,7,0,0,0,0,0,0,0,0,0,3,0,0,0,0,0,0
2017,"control","summer",139,0,393,0,0,0,0,0,716,0,0,0,0,0,1,0,0,0,0,0,0,85,79,0,1955,104,0,0,0,0,0,5,0,4,6,0,0,0,0,5,0,0,1,0,0,0,0,0,0,0,0,0,0,35,0,10,0,0,0,7,49,0,0,0,0,0,0,3,36,4,0,1,0,4,0,2,0,0,0,0,0,7,0,0,0,0,0,0,0,0,0,0,0,0,0,0,0,0,5,0,2,0,0,0,50,78,1,0,0,0,0,0,0,0,0,0,0,0,0,0,0,1,1,0,0,0,0,2,0,11,0,0,0,0,0,0,0,0,0,11,0,133,0,1,0,0,0,0,0,0,0,0
2017,"control","winter",21,0,0,0,0,0,0,0,0,0,0,1,165,0,0,0,0,0,0,0,0,0,0,0,0,0,0,0,0,1,0,0,76,100,0,0,0,0,0,0,3,0,0,0,0,0,72,2,0,0,0,0,0,0,0,13,10,0,0,66,0,0,21,0,0,0,0,0,0,0,10,0,0,8,0,3,0,0,0,7,0,0,0,0,0,0,13,306,1,0,12,2,0,0,0,1,0,0,0,0,0,0,6,0,0,0,0,0,0,1,87,0,22,0,0,0,0,0,0,0,18,7,0,0,0,0,0,0,0,9,0,5,0,0,0,0,0,0,0,0,0,0,0,0,0,1,0,0,19,0,1,0
2017,"exclosure","summer",35,0,348,0,0,0,0,0,1333,0,0,0,0,0,0,0,0,0,0,0,0,160,14,0,3855,64,0,0,0,0,0,8,0,17,8,0,0,0,1,5,0,0,1,0,0,0,0,0,0,0,0,0,0,3,0,0,0,0,0,29,80,0,0,0,0,0,0,3,23,0,0,0,0,5,0,0,0,0,0,7,5,18,0,2,0,0,0,0,0,0,0,0,0,0,0,0,0,0,0,0,2,0,0,0,61,45,0,0,0,4,0,0,0,0,0,0,0,0,0,0,0,0,0,0,1,0,0,6,0,13,0,0,0,0,13,0,0,0,0,39,0,70,0,0,0,1,0,0,0,0,0,0
2017,"exclosure","winter",6,0,0,0,0,0,0,0,0,0,0,4,247,0,0,0,0,0,0,0,0,0,0,0,0,0,0,0,0,0,0,0,19,119,0,0,0,0,0,0,1,3,0,0,0,0,26,21,1,0,0,0,0,0,0,0,2,0,6,185,0,0,241,1,23,0,0,0,0,0,29,0,0,10,0,4,0,0,0,5,0,0,0,0,0,2,24,423,11,0,0,0,0,0,0,0,1,0,0,0,6,0,5,0,0,0,0,0,0,4,26,0,70,0,0,0,0,0,0,0,4,0,0,0,0,0,0,0,0,4,0,5,0,0,0,7,0,0,0,0,0,0,0,0,0,3,0,0,1,0,0,0
